,episode,scene_id,seed,revealed,reached,timeout,unique_cells_covered,reward,collisions,decision_steps
0,0,2,42,True,True,False,119,117.954,8,160
1,1,2,42,True,True,False,80,82.402,6,89
2,2,2,42,True,True,False,76,82.956,5,86
3,3,2,42,True,True,False,64,71.438,4,72
4,4,2,42,True,True,False,48,58.003,3,56
5,5,2,42,True,True,False,174,105.522,30,280
6,6,2,42,False,False,True,107,17.275,26,520
7,7,2,42,True,True,False,12,27.7,0,16
8,8,2,42,True,True,False,36,49.684,2,38
9,9,2,42,True,True,False,23,36.693,2,25
10,10,2,42,True,True,False,70,71.775,5,109
11,11,2,42,False,False,True,173,85.175,11,520
12,12,2,42,True,True,False,19,-35.504,24,46
13,13,2,42,True,True,False,23,36.187,2,25
14,14,2,42,True,True,False,34,42.436,4,40
15,15,2,42,True,True,False,20,36.423,1,21
16,16,2,42,True,True,False,149,-54.674,101,433
17,17,2,42,True,True,False,34,48.684,2,39
18,18,2,42,True,True,False,36,50.453,2,39
19,19,2,42,True,True,False,17,32.642,1,18
20,20,2,42,True,True,False,16,34.977,0,17
21,21,2,42,True,True,False,17,32.043,1,20
22,22,2,42,True,True,False,17,35.901,0,18
23,23,2,42,True,True,False,38,48.616,3,42
24,24,2,42,True,True,False,48,62.795,2,52
25,25,2,42,True,True,False,24,0.267,13,44
26,26,2,42,True,True,False,92,93.787,7,113
27,27,2,42,True,True,False,17,35.298,0,20
28,28,2,42,True,True,False,127,123.662,8,149
29,29,2,42,True,True,False,16,34.241,0,17
30,30,2,42,True,True,False,63,72.014,4,73
31,31,2,42,True,True,False,76,-59.32,70,178
32,32,2,42,True,True,False,87,64.942,13,205
33,33,2,42,False,False,True,111,-525.625,287,520
34,34,2,42,True,True,False,35,47.558,3,41
35,35,2,42,True,True,False,124,108.051,12,172
36,36,2,42,True,True,False,120,92.842,16,192
37,37,2,42,True,True,False,113,116.26,5,147
38,38,2,42,True,True,False,49,57.975,3,63
39,39,2,42,True,True,False,90,89.088,7,115
40,40,2,42,True,True,False,86,88.494,5,99
41,41,2,42,True,True,False,134,-299.613,214,440
42,42,2,42,True,True,False,143,139.166,8,161
43,43,2,42,True,True,False,98,92.499,9,139
44,44,2,42,True,True,False,63,71.726,5,81
45,45,2,42,True,True,False,84,96.248,3,91
46,46,2,42,True,True,False,55,64.641,4,66
47,47,2,42,True,True,False,36,51.531,2,45
48,48,2,42,True,True,False,60,64.4,4,130
49,49,2,42,False,False,True,135,56.275,24,520
50,50,2,42,True,True,False,12,31.111,0,13
51,51,2,42,True,True,False,34,42.394,4,45
52,52,2,42,True,True,False,82,63.202,9,175
53,53,2,42,True,True,False,84,64.022,10,260
54,54,2,42,True,True,False,38,53.447,2,42
55,55,2,42,True,True,False,18,37.166,0,18
56,56,2,42,True,True,False,33,41.484,4,42
57,57,2,42,True,True,False,96,105.424,4,107
58,58,2,42,True,True,False,19,34.787,1,22
59,59,2,42,True,True,False,173,167.432,10,218
60,60,2,42,True,True,False,168,162.763,8,250
61,61,2,42,True,True,False,60,59.583,7,86
62,62,2,42,True,True,False,53,67.594,2,66
63,63,2,42,True,True,False,17,35.173,0,17
64,64,2,42,True,True,False,235,193.582,19,502
65,65,2,42,True,True,False,82,84.489,6,103
66,66,2,42,False,False,True,142,95.675,11,520
67,67,2,42,False,False,True,205,121.15,25,520
68,68,2,42,True,True,False,47,63.011,1,52
69,69,2,42,True,True,False,10,29.48,0,10
70,70,2,42,True,True,False,172,123.76,23,315
71,71,2,42,True,True,False,48,56.072,4,54
72,72,2,42,True,True,False,45,58.973,2,49
73,73,2,42,True,False,True,271,231.433,16,520
74,74,2,42,True,True,False,8,27.776,0,10
75,75,2,42,True,True,False,124,125.264,6,148
76,76,2,42,True,True,False,13,32.06,0,14
77,77,2,42,True,True,False,12,31.645,0,12
78,78,2,42,True,True,False,16,35.104,0,19
79,79,2,42,True,True,False,16,34.425,0,19
80,80,2,42,True,True,False,37,47.947,3,43
81,81,2,42,True,True,False,230,178.256,24,382
82,82,2,42,True,True,False,17,35.201,0,18
83,83,2,42,True,True,False,17,36.734,0,18
84,84,2,42,True,True,False,79,90.281,4,89
85,85,2,42,True,True,False,45,55.495,3,51
86,86,2,42,True,True,False,243,199.24,21,432
87,87,2,42,False,False,True,188,104.4,26,520
88,88,2,42,True,True,False,13,32.225,0,13
89,89,2,42,True,True,False,22,30.967,3,29
90,90,2,42,True,True,False,48,58.609,3,56
91,91,2,42,True,True,False,68,71.93,5,75
92,92,2,42,True,True,False,9,28.534,0,9
93,93,2,42,True,True,False,138,139.31,6,170
94,94,2,42,True,True,False,100,101.921,6,127
95,95,2,42,True,True,False,11,29.09,0,14
96,96,2,42,True,True,False,39,54.145,2,45
97,97,2,42,True,True,False,9,27.248,0,10
98,98,2,42,True,True,False,20,36.657,1,21
99,99,2,42,True,True,False,34,45.531,3,39
100,100,2,42,True,True,False,42,52.663,3,48
101,101,2,42,True,True,False,269,230.122,21,393
102,102,2,42,True,True,False,11,28.19,0,14
103,103,2,42,True,True,False,10,27.879,0,11
104,104,2,42,True,True,False,132,128.908,8,171
105,105,2,42,True,True,False,10,27.413,0,15
106,106,2,42,True,True,False,39,54.455,2,43
107,107,2,42,True,True,False,36,51.155,2,41
108,108,2,42,True,True,False,14,32.257,0,15
109,109,2,42,True,True,False,19,37.892,0,20
110,110,2,42,True,True,False,24,43.093,0,26
111,111,2,42,True,True,False,116,123.294,4,134
112,112,2,42,False,False,True,160,30.55,28,520
113,113,2,42,True,True,False,9,28.06,0,10
114,114,2,42,True,True,False,79,82.051,6,97
115,115,2,42,True,True,False,27,38.873,2,32
116,116,2,42,True,True,False,18,34.245,0,23
117,117,2,42,True,True,False,9,28.214,0,12
118,118,2,42,True,True,False,199,140.522,25,446
119,119,2,42,True,True,False,86,96.385,3,92
120,120,2,42,True,True,False,18,-47.054,28,46
121,121,2,42,True,True,False,14,31.565,0,15
122,122,2,42,True,True,False,74,79.098,5,85
123,123,2,42,True,True,False,112,117.258,5,123
124,124,2,42,True,True,False,14,33.781,0,14
125,125,2,42,True,True,False,81,94.427,3,88
126,126,2,42,True,True,False,31,42.112,3,36
127,127,2,42,True,True,False,117,109.366,9,137
128,128,2,42,True,True,False,75,80.654,5,83
129,129,2,42,True,True,False,66,75.024,4,74
130,130,2,42,False,False,True,194,-112.975,134,520
131,131,2,42,True,True,False,43,53.937,3,49
132,132,2,42,True,True,False,10,29.569,0,10
133,133,2,42,True,True,False,19,33.472,1,23
134,134,2,42,True,True,False,9,28.796,0,9
135,135,2,42,True,True,False,131,127.392,8,202
136,136,2,42,True,True,False,17,35.773,0,19
137,137,2,42,True,True,False,126,25.634,48,291
138,138,2,42,True,True,False,16,34.533,0,19
139,139,2,42,True,True,False,40,52.496,3,46
140,140,2,42,True,True,False,18,37.512,0,18
141,141,2,42,True,True,False,165,153.044,11,226
142,142,2,42,True,True,False,236,214.238,14,318
143,143,2,42,True,True,False,84,89.299,5,92
144,144,2,42,True,True,False,44,58.667,2,48
145,145,2,42,True,True,False,10,28.609,0,13
146,146,2,42,True,True,False,8,27.616,0,8
147,147,2,42,True,True,False,68,75.305,4,77
148,148,2,42,False,False,True,159,32.875,48,520
149,149,2,42,True,True,False,60,63.069,5,80
150,150,2,42,True,True,False,76,81.403,5,85
151,151,2,42,False,False,True,257,177.625,28,520
152,152,2,42,True,True,False,45,56.733,2,50
153,153,2,42,True,True,False,110,118.526,5,130
154,154,2,42,True,True,False,116,91.738,15,221
155,155,2,42,True,True,False,95,96.667,6,106
156,156,2,42,True,True,False,129,118.253,11,212
157,157,2,42,True,True,False,104,103.228,6,161
158,158,2,42,True,True,False,110,114.169,5,132
159,159,2,42,True,True,False,46,56.157,3,56
160,160,2,42,True,True,False,214,180.742,19,304
161,161,2,42,False,False,True,154,109.3,9,520
162,162,2,42,True,True,False,76,83.273,4,86
163,163,2,42,True,True,False,26,40.814,1,31
164,164,2,42,True,True,False,36,51.269,2,41
165,165,2,42,True,True,False,12,30.628,0,13
166,166,2,42,True,True,False,26,41.496,1,27
167,167,2,42,True,True,False,53,58.405,5,93
168,168,2,42,True,True,False,63,75.909,3,68
169,169,2,42,True,True,False,87,94.878,5,101
170,170,2,42,False,False,True,243,178.225,20,520
171,171,2,42,True,True,False,42,56.141,2,47
172,172,2,42,True,True,False,33,43.743,3,40
173,173,2,42,True,True,False,15,33.482,0,16
174,174,2,42,True,True,False,49,31.875,13,99
175,175,2,42,True,True,False,43,56.062,2,47
176,176,2,42,True,True,False,99,106.069,5,109
177,177,2,42,True,True,False,47,54.591,4,60
178,178,2,42,True,True,False,127,121.238,9,194
179,179,2,42,True,True,False,56,59.917,4,67
180,180,2,42,True,True,False,23,40.125,1,25
181,181,2,42,True,True,False,22,38.677,1,25
182,182,2,42,True,True,False,258,205.015,26,454
183,183,2,42,True,True,False,118,117.571,7,135
184,184,2,42,True,True,False,202,143.067,32,399
185,185,2,42,True,True,False,130,106.834,16,236
186,186,2,42,True,True,False,38,-5.311,21,64
187,187,2,42,True,True,False,32,-366.555,172,257
188,188,2,42,True,True,False,12,31.427,0,12
189,189,2,42,True,True,False,31,43.571,2,39
190,190,2,42,True,True,False,145,89.126,28,261
191,191,2,42,True,True,False,59,-104.07,60,126
192,192,2,42,True,True,False,20,30.29,2,27
193,193,2,42,True,True,False,63,67.329,5,125
194,194,2,42,True,True,False,17,35.535,0,20
195,195,2,42,True,True,False,99,106.572,4,116
196,196,2,42,False,False,True,249,173.15,26,520
197,197,2,42,False,False,True,247,146.675,33,520
198,198,2,42,True,True,False,34,48.527,2,42
199,199,2,42,True,True,False,13,32.758,0,13
200,200,2,42,True,True,False,56,63.914,4,65
201,201,2,42,True,True,False,92,99.737,5,105
202,202,2,42,True,True,False,13,32.49,0,13
203,203,2,42,True,True,False,36,51.784,2,41
204,204,2,42,True,True,False,12,31.284,0,12
205,205,2,42,True,True,False,84,92.716,4,91
206,206,2,42,True,True,False,23,37.188,2,26
207,207,2,42,True,True,False,113,111.499,8,132
208,208,2,42,True,True,False,122,122.066,7,162
209,209,2,42,True,True,False,16,34.124,0,21
210,210,2,42,True,True,False,136,138.319,6,171
211,211,2,42,True,True,False,118,44.105,34,235
212,212,2,42,False,False,True,220,144.825,24,520
213,213,2,42,False,False,True,150,-40.85,64,520
214,214,2,42,False,False,True,233,182.1,13,520
215,215,2,42,True,True,False,121,124.828,6,156
216,216,2,42,True,True,False,10,26.774,0,13
217,217,2,42,True,True,False,92,101.484,5,103
218,218,2,42,True,True,False,84,92.669,4,92
219,219,2,42,True,True,False,52,51.472,5,76
220,220,2,42,True,True,False,73,77.306,5,110
221,221,2,42,True,True,False,19,35.611,1,20
222,222,2,42,True,True,False,81,83.555,6,89
223,223,2,42,True,True,False,43,53.669,3,52
224,224,2,42,True,True,False,24,-6.827,11,77
225,225,2,42,True,True,False,35,46.896,3,44
226,226,2,42,True,True,False,104,109.155,5,119
227,227,2,42,True,True,False,83,92.076,4,92
228,228,2,42,True,True,False,146,138.041,9,170
229,229,2,42,True,True,False,11,28.898,0,14
230,230,2,42,True,True,False,117,116.724,7,128
231,231,2,42,True,True,False,178,114.302,31,287
232,232,2,42,False,False,True,150,18.325,41,520
233,233,2,42,False,False,True,185,50.825,42,520
234,234,2,42,True,True,False,36,49.512,2,39
235,235,2,42,True,True,False,18,37.965,0,19
236,236,2,42,False,False,True,161,-29.25,70,520
237,237,2,42,True,True,False,83,89.473,4,93
238,238,2,42,True,True,False,17,32.109,1,18
239,239,2,42,True,True,False,254,193.503,25,474
240,240,2,42,True,True,False,19,-45.964,27,49
241,241,2,42,True,True,False,72,80.986,4,81
242,242,2,42,True,True,False,86,92.476,5,99
243,243,2,42,True,True,False,8,26.489,0,11
244,244,2,42,True,True,False,36,44.16,4,42
245,245,2,42,True,True,False,96,-114.788,91,334
246,246,2,42,True,True,False,121,106.728,9,156
247,247,2,42,True,True,False,7,25.848,0,7
248,248,2,42,True,True,False,33,46.831,2,36
249,249,2,42,True,True,False,8,27.777,0,9
250,250,2,42,True,True,False,10,27.778,0,11
251,251,2,42,True,True,False,10,28.398,0,11
252,252,2,42,True,True,False,224,193.563,18,340
253,253,2,42,True,True,False,13,30.566,0,14
254,254,2,42,True,True,False,11,30.454,0,11
255,255,2,42,False,False,True,187,45.1,51,520
256,256,2,42,True,True,False,16,34.542,0,17
257,257,2,42,True,True,False,25,39.8,2,34
258,258,2,42,True,True,False,69,80.754,3,76
259,259,2,42,True,True,False,29,34.664,5,41
260,260,2,42,True,True,False,133,130.085,8,166
261,261,2,42,False,False,True,144,-93.125,89,520
262,262,2,42,True,True,False,89,97.581,4,96
263,263,2,42,True,True,False,25,41.136,1,26
264,264,2,42,True,True,False,26,42.546,1,27
265,265,2,42,True,True,False,76,81.556,5,85
266,266,2,42,True,True,False,191,146.003,24,321
267,267,2,42,True,True,False,18,36.586,0,19
268,268,2,42,True,True,False,13,32.219,0,16
269,269,2,42,True,True,False,218,164.708,23,451
270,270,2,42,True,True,False,47,53.144,4,52
271,271,2,42,True,True,False,85,91.55,5,95
272,272,2,42,True,True,False,13,31.538,0,16
273,273,2,42,True,True,False,262,218.189,20,454
274,274,2,42,True,True,False,10,29.172,0,10
275,275,2,42,True,True,False,13,30.606,0,16
276,276,2,42,True,True,False,214,163.814,23,374
277,277,2,42,True,True,False,114,115.283,7,141
278,278,2,42,True,True,False,64,74.81,3,74
279,279,2,42,True,True,False,13,31.526,0,14
280,280,2,42,True,True,False,17,28.932,2,21
281,281,2,42,True,True,False,21,39.345,0,22
282,282,2,42,True,True,False,7,26.415,0,7
283,283,2,42,True,True,False,94,63.363,19,170
284,284,2,42,True,True,False,194,16.885,87,452
285,285,2,42,True,True,False,26,41.361,1,31
286,286,2,42,True,True,False,69,79.3,3,74
287,287,2,42,True,True,False,48,13.255,15,119
288,288,2,42,True,True,False,95,100.848,5,103
289,289,2,42,False,False,True,148,24.725,13,520
290,290,2,42,True,True,False,15,32.83,0,18
291,291,2,42,True,True,False,146,135.88,11,205
292,292,2,42,True,True,False,26,42.65,1,29
293,293,2,42,True,True,False,107,84.681,15,201
294,294,2,42,True,True,False,38,51.771,2,42
295,295,2,42,True,True,False,21,33.115,2,25
296,296,2,42,True,True,False,87,92.948,5,96
297,297,2,42,True,True,False,14,32.476,0,17
298,298,2,42,True,True,False,82,88.126,4,96
299,299,2,42,True,True,False,105,109.335,5,118
300,300,2,42,True,True,False,94,102.699,4,108
301,301,2,42,True,True,False,108,114.696,5,119
302,302,2,42,True,True,False,81,86.177,5,88
303,303,2,42,True,True,False,38,49.49,3,44
304,304,2,42,True,True,False,70,78.971,4,78
305,305,2,42,True,True,False,131,132.227,7,177
306,306,2,42,True,True,False,72,84.137,3,82
307,307,2,42,True,True,False,99,101.966,7,111
308,308,2,42,True,True,False,9,27.205,0,9
309,309,2,42,True,True,False,40,55.231,2,45
310,310,2,42,True,True,False,36,50.316,2,39
311,311,2,42,True,True,False,11,29.264,0,12
312,312,2,42,True,True,False,63,75.603,3,70
313,313,2,42,True,True,False,95,81.686,12,132
314,314,2,42,True,True,False,77,88.194,3,84
315,315,2,42,True,True,False,196,170.835,13,406
316,316,2,42,True,True,False,112,114.379,6,141
317,317,2,42,True,True,False,15,34.443,0,15
318,318,2,42,True,True,False,39,54.026,2,44
319,319,2,42,True,True,False,48,57.343,4,60
320,320,2,42,True,True,False,27,39.908,2,32
321,321,2,42,True,True,False,127,117.557,11,166
322,322,2,42,True,True,False,13,31.631,0,14
323,323,2,42,True,True,False,100,107.669,4,112
324,324,2,42,False,False,True,178,142.85,6,520
325,325,2,42,True,True,False,52,68.482,1,57
326,326,2,42,True,True,False,76,85.452,4,87
327,327,2,42,True,True,False,157,124.026,18,319
328,328,2,42,True,True,False,18,37.782,0,18
329,329,2,42,True,True,False,17,31.564,1,20
330,330,2,42,True,True,False,6,25.812,0,6
331,331,2,42,True,True,False,17,-95.944,44,61
332,332,2,42,True,True,False,82,92.839,3,92
333,333,2,42,True,True,False,50,63.103,2,55
334,334,2,42,True,True,False,44,55.806,3,51
335,335,2,42,True,True,False,20,38.696,0,23
336,336,2,42,True,True,False,165,122.202,22,318
337,337,2,42,False,False,True,239,87.925,51,520
338,338,2,42,True,True,False,83,-75.192,58,152
339,339,2,42,True,True,False,53,69.726,1,57
340,340,2,42,True,True,False,82,87.771,4,92
341,341,2,42,True,True,False,131,130.417,8,160
342,342,2,42,True,True,False,32,44.057,2,39
343,343,2,42,True,True,False,26,41.189,1,31
344,344,2,42,False,False,True,125,29.375,8,520
345,345,2,42,True,True,False,74,79.19,5,87
346,346,2,42,False,False,True,251,183.7,18,520
347,347,2,42,True,True,False,21,36.527,1,26
348,348,2,42,True,True,False,11,29.198,0,14
349,349,2,42,False,False,True,49,3.65,8,520
350,350,2,42,True,True,False,13,31.806,0,13
351,351,2,42,True,True,False,17,32.395,1,18
352,352,2,42,True,True,False,34,47.231,2,60
353,353,2,42,True,True,False,15,33.889,0,16
354,354,2,42,True,True,False,115,84.966,12,294
355,355,2,42,True,True,False,86,71.937,9,167
356,356,2,42,True,True,False,15,34.577,0,16
357,357,2,42,False,False,True,153,94.85,9,520
358,358,2,42,True,True,False,28,41.427,2,33
359,359,2,42,True,True,False,215,83.228,50,515
360,360,2,42,True,True,False,28,43.856,1,30
361,361,2,42,True,True,False,8,26.541,0,11
362,362,2,42,True,True,False,33,43.484,3,41
363,363,2,42,True,True,False,22,33.485,1,29
364,364,2,42,True,True,False,77,87.23,2,86
365,365,2,42,False,False,True,192,-103.575,135,520
366,366,2,42,True,True,False,47,61.73,2,51
367,367,2,42,True,True,False,59,71.026,3,67
368,368,2,42,True,True,False,32,48.991,1,39
369,369,2,42,True,True,False,19,35.779,0,24
370,370,2,42,True,True,False,16,33.977,0,17
371,371,2,42,True,True,False,29,40.113,2,35
372,372,2,42,True,True,False,78,82.952,5,87
373,373,2,42,True,True,False,46,56.963,3,52
374,374,2,42,True,True,False,81,87.549,5,91
375,375,2,42,True,True,False,163,147.52,11,221
376,376,2,42,True,True,False,82,93.112,4,93
377,377,2,42,True,True,False,39,50.263,3,51
378,378,2,42,True,True,False,17,36.817,0,17
379,379,2,42,True,True,False,33,48.268,1,38
380,380,2,42,True,True,False,12,28.43,1,12
381,381,2,42,True,True,False,45,60.247,2,50
382,382,2,42,True,True,False,9,28.626,0,9
383,383,2,42,True,True,False,17,34.851,0,20
384,384,2,42,True,True,False,16,34.635,0,17
385,385,2,42,True,True,False,76,73.482,7,90
386,386,2,42,True,True,False,82,88.137,5,92
387,387,2,42,True,True,False,43,56.624,2,49
388,388,2,42,True,True,False,27,44.413,1,29
389,389,2,42,True,True,False,85,89.049,6,93
390,390,2,42,True,True,False,95,101.142,5,106
391,391,2,42,True,True,False,172,141.499,18,294
392,392,2,42,True,True,False,68,80.185,2,71
393,393,2,42,True,True,False,109,108.377,6,119
394,394,2,42,True,True,False,15,34.779,0,15
395,395,2,42,True,True,False,10,29.558,0,10
396,396,2,42,True,True,False,8,27.353,0,8
397,397,2,42,True,True,False,25,41.644,1,27
398,398,2,42,True,True,False,81,85.572,5,88
399,399,2,42,True,True,False,45,55.962,3,50
400,400,2,42,True,True,False,10,29.1,0,11
401,401,2,42,True,True,False,18,32.921,1,21
402,402,2,42,True,True,False,71,77.18,5,81
403,403,2,42,False,False,True,200,125.825,18,520
404,404,2,42,True,True,False,75,84.434,4,84
405,405,2,42,False,False,True,157,45.475,39,520
406,406,2,42,True,True,False,66,74.038,4,73
407,407,2,42,True,True,False,127,119.996,7,328
408,408,2,42,True,True,False,15,34.153,0,15
409,409,2,42,True,True,False,13,30.007,0,16
410,410,2,42,True,True,False,9,27.218,0,12
411,411,2,42,True,True,False,28,44.407,1,29
412,412,2,42,True,True,False,19,35.818,1,20
413,413,2,42,True,True,False,34,47.404,2,36
414,414,2,42,True,True,False,43,56.916,2,47
415,415,2,42,True,True,False,38,50.61,2,41
416,416,2,42,True,True,False,8,27.79,0,9
417,417,2,42,False,False,True,203,89.125,36,520
418,418,2,42,True,True,False,94,90.815,8,107
419,419,2,42,True,True,False,13,32.425,0,13
420,420,2,42,True,True,False,77,80.976,5,85
421,421,2,42,True,True,False,18,33.823,1,19
422,422,2,42,True,True,False,119,119.844,6,152
423,423,2,42,False,False,True,173,-53.325,76,520
424,424,2,42,True,True,False,47,60.753,2,50
425,425,2,42,True,True,False,45,59.209,2,50
426,426,2,42,True,True,False,7,26.339,0,7
427,427,2,42,True,True,False,147,136.369,9,221
428,428,2,42,True,True,False,39,43.664,4,65
429,429,2,42,True,True,False,124,131.913,5,150
430,430,2,42,True,True,False,240,215.435,13,382
431,431,2,42,True,True,False,34,45.057,3,39
432,432,2,42,True,True,False,92,95.298,6,103
433,433,2,42,True,True,False,13,30.977,0,16
434,434,2,42,True,True,False,18,-39.986,25,46
435,435,2,42,True,True,False,11,30.798,0,11
436,436,2,42,True,True,False,17,35.544,0,20
437,437,2,42,True,True,False,10,29.572,0,11
438,438,2,42,True,True,False,57,68.523,3,64
439,439,2,42,True,True,False,128,131.166,6,151
440,440,2,42,True,True,False,18,19.816,3,35
441,441,2,42,True,True,False,89,93.345,5,99
442,442,2,42,True,True,False,8,27.628,0,8
443,443,2,42,True,True,False,66,75.113,4,75
444,444,2,42,True,True,False,11,30.808,0,11
445,445,2,42,True,True,False,165,111.687,25,287
446,446,2,42,True,True,False,46,61.105,2,53
447,447,2,42,True,True,False,10,29.512,0,10
448,448,2,42,True,True,False,38,50.968,2,47
449,449,2,42,True,True,False,15,33.267,0,16
450,450,2,42,True,True,False,204,146.766,25,447
451,451,2,42,True,True,False,8,-14.559,14,22
452,452,2,42,True,True,False,16,33.723,0,19
453,453,2,42,True,True,False,169,43.466,49,481
454,454,2,42,True,True,False,29,41.503,2,38
455,455,2,42,True,True,False,94,94.967,6,136
456,456,2,42,True,True,False,175,148.339,16,304
457,457,2,42,False,False,True,204,-17.25,90,520
458,458,2,42,True,True,False,197,103.031,36,431
459,459,2,42,True,True,False,88,60.473,11,271
460,460,2,42,True,True,False,19,34.522,1,23
461,461,2,42,True,True,False,13,32.753,0,13
462,462,2,42,True,True,False,95,99.125,6,108
463,463,2,42,True,True,False,114,111.832,7,171
464,464,2,42,True,True,False,61,67.712,4,70
465,465,2,42,False,False,True,194,97.825,28,520
466,466,2,42,True,True,False,75,82.67,4,81
467,467,2,42,True,True,False,53,59.528,4,62
468,468,2,42,True,True,False,122,119.953,8,160
469,469,2,42,True,True,False,15,33.835,0,18
470,470,2,42,True,True,False,9,24.752,1,10
471,471,2,42,True,True,False,9,27.984,0,10
472,472,2,42,True,True,False,10,29.365,0,12
473,473,2,42,True,True,False,15,33.869,0,15
474,474,2,42,True,True,False,11,29.767,0,12
475,475,2,42,False,False,True,190,-83.975,121,520
476,476,2,42,True,True,False,36,44.728,3,55
477,477,2,42,False,False,True,220,99.575,47,520
478,478,2,42,False,False,True,270,150.425,40,520
479,479,2,42,True,True,False,109,110.287,7,127
480,480,2,42,True,True,False,45,62.045,1,52
481,481,2,42,False,False,True,163,47.025,32,520
482,482,2,42,True,True,False,159,136.869,15,219
483,483,2,42,True,True,False,85,78.881,8,142
484,484,2,42,True,True,False,50,63.848,2,55
485,485,2,42,True,True,False,164,116.51,22,255
486,486,2,42,True,True,False,119,103.591,12,172
487,487,2,42,True,True,False,45,60.108,2,54
488,488,2,42,True,True,False,99,80.95,10,251
489,489,2,42,True,True,False,98,102.005,5,109
490,490,2,42,True,True,False,13,31.964,0,14
491,491,2,42,True,True,False,21,33.074,2,25
492,492,2,42,True,True,False,16,32.836,0,19
493,493,2,42,True,True,False,12,31.458,0,12
494,494,2,42,True,True,False,67,78.694,3,95
495,495,2,42,True,True,False,12,28.757,0,15
496,496,2,42,False,False,True,172,-0.45,56,520
497,497,2,42,True,True,False,42,54.722,2,45
498,498,2,42,True,True,False,54,58.084,5,67
499,499,2,42,True,True,False,24,40.762,1,27
500,500,2,42,True,True,False,40,47.927,4,46
501,501,2,42,True,True,False,54,66.298,3,63
502,502,2,42,True,True,False,36,44.551,4,47
503,503,2,42,False,False,True,111,77.4,5,520
504,504,2,42,True,True,False,11,28.069,0,18
505,505,2,42,True,True,False,113,112.403,7,133
506,506,2,42,True,True,False,11,29.739,0,12
507,507,2,42,True,True,False,65,69.741,5,72
508,508,2,42,True,True,False,11,26.204,0,14
509,509,2,42,False,False,True,167,1.15,56,520
510,510,2,42,True,True,False,50,59.869,3,55
511,511,2,42,True,True,False,100,102.513,6,115
512,512,2,42,False,False,True,211,129.775,28,520
513,513,2,42,True,True,False,160,157.45,7,206
514,514,2,42,True,True,False,42,53.574,3,47
515,515,2,42,True,True,False,99,47.09,20,329
516,516,2,42,True,True,False,10,28.63,0,10
517,517,2,42,True,True,False,176,108.623,29,370
518,518,2,42,True,True,False,93,98.906,5,101
519,519,2,42,True,True,False,8,26.518,0,11
520,520,2,42,True,True,False,40,55.155,2,45
521,521,2,42,True,True,False,38,54.08,1,45
522,522,2,42,True,True,False,67,74.018,4,75
523,523,2,42,True,True,False,18,37.455,0,19
524,524,2,42,True,True,False,23,22.251,3,40
525,525,2,42,True,True,False,10,28.23,0,14
526,526,2,42,True,True,False,38,50.88,2,45
527,527,2,42,True,True,False,18,32.994,1,21
528,528,2,42,True,True,False,10,29.587,0,10
529,529,2,42,True,True,False,8,27.817,0,8
530,530,2,42,True,True,False,88,97.821,4,98
531,531,2,42,True,True,False,110,104.526,6,139
532,532,2,42,True,True,False,160,138.311,12,303
533,533,2,42,True,True,False,65,75.857,3,72
534,534,2,42,True,True,False,21,39.308,0,24
535,535,2,42,True,True,False,42,55.678,2,46
536,536,2,42,True,True,False,13,30.586,0,16
537,537,2,42,True,True,False,34,49.3,2,39
538,538,2,42,True,True,False,11,30.779,0,11
539,539,2,42,True,True,False,14,31.851,0,17
540,540,2,42,True,True,False,87,89.757,6,104
541,541,2,42,True,True,False,67,69.377,6,80
542,542,2,42,True,True,False,11,30.515,0,11
543,543,2,42,True,True,False,43,57.374,2,47
544,544,2,42,False,False,True,224,148.725,24,520
545,545,2,42,True,True,False,67,78.357,3,73
546,546,2,42,True,True,False,81,91.521,4,91
547,547,2,42,True,True,False,91,99.439,5,101
548,548,2,42,True,True,False,19,34.522,1,23
549,549,2,42,True,True,False,14,32.798,0,14
550,550,2,42,True,True,False,13,30.286,0,16
551,551,2,42,True,True,False,191,137.068,24,426
552,552,2,42,True,True,False,180,169.889,8,393
553,553,2,42,True,True,False,13,31.32,0,14
554,554,2,42,True,True,False,30,44.4,0,36
555,555,2,42,True,True,False,122,123.111,5,165
556,556,2,42,True,True,False,80,86.652,4,86
557,557,2,42,False,False,True,203,62.025,47,520
558,558,2,42,True,True,False,40,50.591,3,44
559,559,2,42,True,True,False,8,27.755,0,8
560,560,2,42,True,True,False,50,60.725,3,56
561,561,2,42,True,True,False,60,66.008,5,70
562,562,2,42,True,True,False,8,27.516,0,8
563,563,2,42,True,True,False,70,82.856,3,78
564,564,2,42,False,False,True,189,69.775,27,520
565,565,2,42,True,True,False,103,86.751,9,128
566,566,2,42,False,False,True,211,71.9,47,520
567,567,2,42,True,True,False,255,213.398,21,447
568,568,2,42,True,True,False,155,142.805,13,200
569,569,2,42,True,True,False,62,76.105,2,72
570,570,2,42,True,True,False,10,26.311,0,13
571,571,2,42,True,True,False,73,74.453,5,82
572,572,2,42,True,True,False,27,42.665,1,29
573,573,2,42,True,True,False,125,126.984,6,156
574,574,2,42,True,True,False,220,184.137,15,395
575,575,2,42,True,True,False,15,34.731,0,15
576,576,2,42,True,True,False,181,141.93,18,333
577,577,2,42,False,False,True,212,38.95,67,520
578,578,2,42,True,True,False,15,33.993,0,16
579,579,2,42,True,True,False,18,36.803,0,19
580,580,2,42,True,True,False,49,60.24,2,80
581,581,2,42,True,True,False,84,91.776,4,92
582,582,2,42,True,True,False,22,37.319,1,28
583,583,2,42,False,False,True,250,140.1,37,520
584,584,2,42,True,True,False,24,39.751,1,26
585,585,2,42,True,True,False,129,106.563,8,348
586,586,2,42,True,True,False,263,211.653,21,506
587,587,2,42,True,True,False,14,32.286,0,14
588,588,2,42,True,True,False,116,109.455,9,150
589,589,2,42,True,True,False,188,159.51,13,379
590,590,2,42,True,True,False,12,31.577,0,12
591,591,2,42,False,False,True,214,125.825,29,520
592,592,2,42,True,True,False,102,107.495,6,118
593,593,2,42,True,True,False,74,73.271,7,93
594,594,2,42,True,True,False,85,85.982,6,105
595,595,2,42,True,True,False,6,25.349,0,6
596,596,2,42,True,True,False,176,135.151,18,393
597,597,2,42,True,True,False,76,76.477,6,97
598,598,2,42,True,True,False,123,124.007,7,182
599,599,2,42,True,True,False,143,134.629,9,216
600,600,2,42,True,True,False,8,27.736,0,8
601,601,2,42,True,True,False,20,35.215,1,24
602,602,2,42,True,True,False,10,29.317,0,10
603,603,2,42,True,True,False,11,30.783,0,11
604,604,2,42,True,True,False,30,-6.286,4,156
605,605,2,42,True,True,False,9,25.842,0,12
606,606,2,42,True,True,False,230,164.731,27,471
607,607,2,42,True,True,False,9,27.309,0,12
608,608,2,42,True,True,False,14,33.717,0,14
609,609,2,42,True,True,False,14,33.785,0,14
610,610,2,42,True,True,False,15,33.641,0,17
611,611,2,42,True,True,False,14,33.098,0,15
612,612,2,42,True,True,False,40,55.793,2,45
613,613,2,42,True,True,False,20,37.345,0,25
614,614,2,42,True,True,False,6,25.577,0,6
615,615,2,42,True,True,False,19,28.083,3,25
616,616,2,42,True,True,False,13,31.309,0,16
617,617,2,42,True,True,False,10,25.559,0,13
618,618,2,42,True,True,False,189,166.717,11,369
619,619,2,42,True,True,False,23,34.882,2,28
620,620,2,42,True,True,False,18,37.125,0,20
621,621,2,42,False,False,True,209,111.15,29,520
622,622,2,42,True,True,False,31,44.408,2,34
623,623,2,42,True,True,False,22,37.656,1,24
624,624,2,42,True,True,False,103,99.768,9,134
625,625,2,42,True,True,False,14,33.615,0,14
626,626,2,42,True,True,False,147,131.12,11,216
627,627,2,42,True,True,False,77,87.792,4,88
628,628,2,42,True,True,False,64,73.295,4,77
629,629,2,42,True,True,False,85,94.3,4,95
630,630,2,42,True,True,False,101,101.444,6,123
631,631,2,42,True,True,False,233,188.836,18,476
632,632,2,42,True,True,False,110,111.084,6,130
633,633,2,42,True,True,False,179,125.545,24,412
634,634,2,42,True,True,False,199,137.304,27,339
635,635,2,42,True,True,False,67,67.933,7,93
636,636,2,42,True,True,False,123,124.513,6,158
637,637,2,42,True,True,False,6,25.765,0,6
638,638,2,42,True,True,False,28,39.234,3,36
639,639,2,42,True,True,False,142,129.3,13,205
640,640,2,42,True,True,False,9,28.122,0,10
641,641,2,42,True,True,False,30,37.817,1,37
642,642,2,42,True,True,False,107,104.761,10,142
643,643,2,42,True,True,False,65,68.618,6,80
644,644,2,42,True,True,False,21,37.181,1,22
645,645,2,42,True,True,False,69,77.213,4,77
646,646,2,42,True,True,False,24,40.081,1,25
647,647,2,42,True,True,False,48,61.589,2,52
648,648,2,42,True,True,False,36,49.014,2,37
649,649,2,42,True,True,False,18,33.595,1,19
650,650,2,42,True,True,False,46,60.207,2,49
651,651,2,42,True,True,False,12,31.007,0,13
652,652,2,42,True,True,False,46,52.722,4,50
653,653,2,42,True,True,False,9,28.785,0,10
654,654,2,42,True,True,False,93,9.508,29,311
655,655,2,42,True,True,False,119,117.215,8,131
656,656,2,42,True,True,False,26,43.797,1,31
657,657,2,42,True,True,False,64,78.106,2,73
658,658,2,42,True,True,False,17,36.993,0,18
659,659,2,42,True,True,False,105,107.358,7,129
660,660,2,42,True,True,False,82,89.772,4,88
661,661,2,42,True,True,False,67,71.472,5,73
662,662,2,42,True,True,False,90,93.943,5,98
663,663,2,42,True,True,False,11,27.812,0,14
664,664,2,42,True,True,False,60,60.85,5,92
665,665,2,42,False,False,True,205,108.275,32,520
666,666,2,42,True,True,False,17,32.311,1,18
667,667,2,42,True,True,False,33,48.223,2,39
668,668,2,42,True,True,False,14,32.898,0,17
669,669,2,42,True,True,False,23,35.769,1,27
670,670,2,42,True,True,False,37,50.878,2,41
671,671,2,42,True,True,False,37,46.486,3,47
672,672,2,42,True,True,False,83,89.406,5,93
673,673,2,42,True,False,True,190,137.556,18,520
674,674,2,42,True,True,False,31,36.618,3,45
675,675,2,42,True,True,False,36,51.371,1,41
676,676,2,42,True,True,False,8,26.421,0,8
677,677,2,42,True,True,False,23,39.981,1,29
678,678,2,42,False,False,True,85,-1.75,25,520
679,679,2,42,True,True,False,15,33.937,0,16
680,680,2,42,True,True,False,52,65.729,2,58
681,681,2,42,True,True,False,20,33.883,1,24
682,682,2,42,True,True,False,55,68.817,2,66
683,683,2,42,False,False,True,225,141.325,22,520
684,684,2,42,True,True,False,224,151.251,32,451
685,685,2,42,True,True,False,42,57.792,2,47
686,686,2,42,True,True,False,71,82.799,3,79
687,687,2,42,True,True,False,8,27.784,0,8
688,688,2,42,True,True,False,29,44.826,1,36
689,689,2,42,True,True,False,99,92.748,6,188
690,690,2,42,False,False,True,123,62.075,13,520
691,691,2,42,True,True,False,11,30.219,0,11
692,692,2,42,True,True,False,118,103.766,9,226
693,693,2,42,True,True,False,13,31.961,0,14
694,694,2,42,True,True,False,19,35.53,1,20
695,695,2,42,True,True,False,226,160.533,28,499
696,696,2,42,False,False,True,241,169.275,22,520
697,697,2,42,True,True,False,12,30.819,0,13
698,698,2,42,True,True,False,112,114.147,7,129
699,699,2,42,True,True,False,94,96.133,6,121
700,700,2,42,True,False,True,143,-50.972,55,520
701,701,2,42,True,True,False,9,28.623,0,9
702,702,2,42,True,True,False,182,113.833,29,414
703,703,2,42,True,True,False,10,29.806,0,10
704,704,2,42,True,True,False,134,118.138,10,187
705,705,2,42,True,True,False,26,44.806,0,31
706,706,2,42,True,True,False,176,159.839,9,309
707,707,2,42,True,True,False,60,73.557,2,70
708,708,2,42,True,True,False,72,83.903,3,89
709,709,2,42,True,True,False,16,35.815,0,16
710,710,2,42,True,True,False,48,61.327,2,70
711,711,2,42,True,True,False,105,99.348,8,131
712,712,2,42,True,True,False,23,38.557,1,28
713,713,2,42,True,True,False,13,25.702,0,17
714,714,2,42,True,True,False,16,32.256,1,16
715,715,2,42,True,True,False,88,84.29,8,128
716,716,2,42,True,True,False,194,179.739,9,319
717,717,2,42,True,True,False,17,35.105,0,17
718,718,2,42,True,True,False,21,36.501,1,23
719,719,2,42,True,True,False,240,195.005,19,346
720,720,2,42,True,True,False,72,73.657,6,119
721,721,2,42,True,True,False,80,84.616,5,88
722,722,2,42,True,True,False,141,143.149,6,171
723,723,2,42,True,True,False,67,78.769,3,76
724,724,2,42,True,True,False,26,38.895,2,29
725,725,2,42,True,True,False,105,103.205,6,142
726,726,2,42,True,True,False,171,146.817,15,279
727,727,2,42,True,True,False,154,149.571,9,214
728,728,2,42,True,True,False,49,61.413,3,64
729,729,2,42,True,True,False,82,78.303,7,101
730,730,2,42,True,True,False,14,33.729,0,14
731,731,2,42,True,True,False,162,158.841,8,190
732,732,2,42,True,True,False,22,36.779,0,27
733,733,2,42,True,True,False,108,106.523,6,146
734,734,2,42,True,True,False,18,37.077,0,18
735,735,2,42,True,True,False,43,56.353,2,54
736,736,2,42,True,True,False,19,36.716,0,25
737,737,2,42,True,True,False,47,62.179,2,52
738,738,2,42,True,True,False,208,191.007,11,363
739,739,2,42,True,True,False,195,184.718,9,277
740,740,2,42,True,True,False,15,27.542,0,21
741,741,2,42,True,True,False,7,26.574,0,7
742,742,2,42,True,True,False,13,31.741,0,14
743,743,2,42,False,False,True,191,105.725,26,520
744,744,2,42,True,True,False,43,57.487,2,46
745,745,2,42,True,True,False,20,36.463,1,27
746,746,2,42,True,True,False,33,47.199,2,36
747,747,2,42,True,True,False,48,61.323,2,53
748,748,2,42,True,True,False,8,27.812,0,8
749,749,2,42,True,True,False,11,29.522,0,12
750,750,2,42,False,False,True,185,135.1,13,520
751,751,2,42,False,False,True,168,113.85,11,520
752,752,2,42,True,True,False,68,78.019,3,73
753,753,2,42,True,True,False,53,67.336,2,66
754,754,2,42,True,True,False,24,40.201,1,25
755,755,2,42,True,True,False,86,95.947,4,95
756,756,2,42,False,False,True,210,112.175,30,520
757,757,2,42,True,True,False,61,71.955,2,66
758,758,2,42,True,True,False,127,128.666,6,195
759,759,2,42,True,True,False,92,101.741,5,105
760,760,2,42,True,True,False,194,133.315,24,471
761,761,2,42,False,False,True,210,105.075,31,520
762,762,2,42,True,True,False,74,82.767,5,95
763,763,2,42,True,True,False,26,40.849,1,36
764,764,2,42,True,True,False,11,30.687,0,11
765,765,2,42,True,True,False,40,55.021,2,47
766,766,2,42,True,True,False,37,48.827,2,50
767,767,2,42,True,True,False,155,155.151,6,263
768,768,2,42,True,True,False,62,72.323,4,77
769,769,2,42,True,True,False,9,28.757,0,9
770,770,2,42,True,True,False,68,79.698,3,81
771,771,2,42,True,True,False,10,25.883,1,12
772,772,2,42,True,True,False,165,160.525,8,205
773,773,2,42,False,False,True,197,29.1,60,520
774,774,2,42,False,False,True,243,124.8,33,520
775,775,2,42,True,True,False,191,177.493,12,269
776,776,2,42,True,True,False,88,93.624,5,100
777,777,2,42,True,True,False,44,56.152,2,53
778,778,2,42,True,True,False,48,60.513,2,63
779,779,2,42,True,True,False,91,90.529,8,115
780,780,2,42,True,True,False,12,25.689,0,18
781,781,2,42,True,True,False,9,27.587,0,10
782,782,2,42,True,True,False,17,36.805,0,17
783,783,2,42,True,True,False,96,-226.069,159,377
784,784,2,42,True,True,False,84,93.742,4,91
785,785,2,42,True,True,False,18,36.88,0,20
786,786,2,42,True,True,False,10,28.573,0,10
787,787,2,42,False,False,True,155,55.525,28,520
788,788,2,42,True,True,False,114,120.691,5,138
789,789,2,42,True,True,False,22,37.355,1,28
790,790,2,42,True,True,False,63,73.683,2,76
791,791,2,42,True,True,False,6,25.754,0,6
792,792,2,42,True,True,False,155,155.407,6,215
793,793,2,42,True,True,False,231,194.497,17,373
794,794,2,42,True,True,False,98,100.061,8,120
795,795,2,42,True,True,False,10,28.818,0,11
796,796,2,42,True,True,False,17,36.395,0,18
797,797,2,42,True,True,False,93,102.269,4,103
798,798,2,42,True,True,False,19,36.419,0,20
799,799,2,42,True,True,False,10,29.016,0,11
800,800,2,42,True,True,False,38,49.324,2,49
801,801,2,42,True,True,False,12,31.053,0,13
802,802,2,42,True,True,False,32,46.339,2,35
803,803,2,42,True,True,False,91,93.896,6,104
804,804,2,42,True,True,False,60,69.652,3,65
805,805,2,42,True,True,False,52,68.042,1,58
806,806,2,42,True,True,False,108,107.278,6,129
807,807,2,42,True,True,False,17,35.699,0,18
808,808,2,42,True,True,False,23,40.283,1,28
809,809,2,42,True,True,False,28,43.002,1,36
810,810,2,42,True,True,False,54,64.505,3,79
811,811,2,42,True,True,False,105,110.827,5,118
812,812,2,42,True,True,False,9,27.271,0,9
813,813,2,42,True,True,False,101,99.959,7,127
814,814,2,42,True,True,False,129,102.507,14,213
815,815,2,42,False,False,True,175,52.775,42,520
816,816,2,42,True,True,False,42,56.775,2,47
817,817,2,42,False,False,True,209,132.275,22,520
818,818,2,42,True,True,False,22,32.295,1,29
819,819,2,42,True,True,False,12,30.916,0,14
820,820,2,42,True,True,False,48,57.64,2,58
821,821,2,42,True,True,False,17,36.018,0,18
822,822,2,42,False,False,True,150,2.925,50,520
823,823,2,42,True,True,False,112,108.675,7,148
824,824,2,42,True,True,False,111,114.584,5,120
825,825,2,42,True,True,False,136,137.795,6,158
826,826,2,42,True,True,False,54,65.661,2,59
827,827,2,42,True,True,False,195,170.574,15,360
828,828,2,42,True,True,False,14,31.673,0,17
829,829,2,42,True,True,False,13,32.706,0,13
830,830,2,42,True,True,False,47,61.679,2,51
831,831,2,42,False,False,True,140,74.625,17,520
832,832,2,42,True,True,False,25,40.509,1,30
833,833,2,42,True,True,False,65,76.43,3,75
834,834,2,42,True,True,False,19,30.101,2,25
835,835,2,42,True,True,False,150,78.236,32,416
836,836,2,42,True,True,False,63,72.824,4,74
837,837,2,42,False,False,True,225,122.975,32,520
838,838,2,42,True,True,False,12,30.539,0,14
839,839,2,42,True,True,False,14,33.117,0,16
840,840,2,42,True,True,False,93,82.65,10,157
841,841,2,42,True,True,False,75,86.172,4,84
842,842,2,42,True,True,False,27,43.244,1,28
843,843,2,42,True,True,False,81,91.656,4,90
844,844,2,42,True,True,False,117,118.611,6,128
845,845,2,42,True,True,False,76,75.052,7,84
846,846,2,42,True,True,False,172,161.308,10,276
847,847,2,42,True,True,False,209,177.599,15,366
848,848,2,42,True,True,False,131,130.205,6,160
849,849,2,42,False,False,True,199,113.5,25,520
850,850,2,42,True,True,False,105,111.537,5,116
851,851,2,42,True,True,False,39,54.929,1,46
852,852,2,42,True,True,False,81,94.648,3,89
853,853,2,42,True,True,False,215,132.843,32,503
854,854,2,42,True,True,False,23,39.71,1,25
855,855,2,42,True,True,False,38,51.886,2,41
856,856,2,42,True,True,False,71,79.788,4,79
857,857,2,42,True,True,False,7,26.109,0,7
858,858,2,42,True,True,False,115,113.784,7,156
859,859,2,42,True,True,False,14,32.693,0,16
860,860,2,42,True,True,False,188,166.523,12,404
861,861,2,42,False,False,True,232,162.425,17,520
862,862,2,42,True,True,False,86,91.034,5,98
863,863,2,42,True,True,False,102,110.081,5,124
864,864,2,42,True,True,False,11,30.075,0,13
865,865,2,42,True,True,False,157,158.137,8,186
866,866,2,42,True,True,False,32,47.944,1,35
867,867,2,42,True,True,False,44,59.442,2,52
868,868,2,42,True,True,False,7,26.814,0,7
869,869,2,42,True,True,False,12,31.015,0,12
870,870,2,42,True,True,False,36,50.646,2,39
871,871,2,42,True,True,False,111,106.633,7,191
872,872,2,42,True,True,False,20,35.659,1,22
873,873,2,42,True,True,False,77,84.906,4,97
874,874,2,42,True,True,False,110,110.533,6,139
875,875,2,42,True,True,False,148,141.063,10,225
876,876,2,42,True,True,False,16,33.493,0,19
877,877,2,42,True,True,False,14,32.837,0,15
878,878,2,42,True,True,False,30,46.138,1,35
879,879,2,42,True,True,False,84,92.956,4,92
880,880,2,42,True,True,False,120,118.486,7,138
881,881,2,42,True,True,False,147,119.504,13,305
882,882,2,42,True,True,False,193,158.177,16,391
883,883,2,42,True,True,False,42,55.495,2,50
884,884,2,42,True,True,False,9,28.084,0,11
885,885,2,42,True,True,False,228,159.365,28,487
886,886,2,42,True,True,False,152,120.817,15,323
887,887,2,42,True,True,False,42,59.092,1,46
888,888,2,42,True,True,False,13,30.45,0,16
889,889,2,42,True,True,False,63,74.17,3,69
890,890,2,42,False,False,True,123,78.275,7,520
891,891,2,42,True,True,False,117,120.601,6,145
892,892,2,42,True,True,False,14,33.795,0,15
893,893,2,42,True,True,False,60,75.464,2,67
894,894,2,42,True,True,False,72,72.463,4,92
895,895,2,42,True,True,False,22,28.465,1,45
896,896,2,42,True,True,False,16,33.645,0,19
897,897,2,42,True,True,False,93,97.618,6,109
898,898,2,42,True,True,False,124,128.233,6,144
899,899,2,42,True,True,False,13,29.979,0,16
900,900,2,42,True,True,False,33,42.904,2,44
901,901,2,42,True,True,False,106,105.368,7,133
902,902,2,42,True,True,False,25,40.563,1,31
903,903,2,42,True,True,False,197,165.788,14,400
904,904,2,42,True,True,False,38,57.249,0,44
905,905,2,42,True,True,False,36,52.486,1,38
906,906,2,42,False,False,True,231,139.375,27,520
907,907,2,42,True,True,False,132,112.044,11,324
908,908,2,42,True,True,False,8,27.099,0,10
909,909,2,42,True,True,False,45,60.794,2,50
910,910,2,42,True,True,False,99,103.229,6,128
911,911,2,42,True,True,False,23,37.321,1,30
912,912,2,42,True,True,False,16,35.258,0,19
913,913,2,42,True,True,False,10,29.781,0,10
914,914,2,42,True,True,False,26,41.561,1,32
915,915,2,42,False,False,True,202,112.3,25,520
916,916,2,42,False,False,True,212,127.025,23,520
917,917,2,42,True,True,False,74,82.695,4,85
918,918,2,42,True,True,False,31,44.74,1,37
919,919,2,42,True,True,False,133,128.24,7,175
920,920,2,42,True,True,False,97,98.217,8,141
921,921,2,42,True,True,False,71,76.725,4,79
922,922,2,42,True,True,False,40,53.677,2,44
923,923,2,42,True,True,False,205,102.299,41,484
924,924,2,42,True,True,False,61,57.42,5,95
925,925,2,42,True,True,False,182,143.222,20,302
926,926,2,42,False,False,True,184,33.1,44,520
927,927,2,42,False,False,True,164,30.8,46,520
928,928,2,42,True,True,False,16,35.097,0,18
929,929,2,42,True,True,False,66,77.487,3,71
930,930,2,42,True,True,False,61,70.885,3,68
931,931,2,42,True,True,False,40,51.386,3,44
932,932,2,42,True,True,False,160,140.033,11,284
933,933,2,42,True,True,False,21,18.951,3,40
934,934,2,42,True,True,False,173,32.313,66,489
935,935,2,42,True,True,False,81,87.424,4,94
936,936,2,42,True,True,False,9,28.721,0,9
937,937,2,42,True,True,False,124,122.548,7,161
938,938,2,42,True,True,False,8,26.943,0,10
939,939,2,42,True,True,False,75,82.518,4,81
940,940,2,42,True,True,False,93,97.79,5,120
941,941,2,42,True,True,False,15,34.268,0,15
942,942,2,42,True,True,False,11,29.794,0,11
943,943,2,42,True,True,False,6,25.808,0,6
944,944,2,42,True,True,False,71,81.937,4,81
945,945,2,42,True,True,False,83,91.752,4,95
946,946,2,42,True,True,False,84,93.403,4,97
947,947,2,42,True,True,False,22,24.09,2,52
948,948,2,42,True,True,False,18,37.696,0,18
949,949,2,42,True,True,False,99,102.715,5,111
950,950,2,42,True,True,False,14,30.58,0,21
951,951,2,42,True,True,False,78,83.006,5,91
952,952,2,42,True,True,False,54,66.487,3,63
953,953,2,42,True,True,False,73,76.136,5,83
954,954,2,42,True,True,False,14,33.817,0,14
955,955,2,42,True,True,False,36,49.39,2,43
956,956,2,42,True,True,False,144,141.723,8,175
957,957,2,42,False,False,True,217,115.4,32,520
958,958,2,42,True,True,False,15,34.122,0,15
959,959,2,42,True,True,False,52,59.148,4,62
960,960,2,42,True,True,False,66,79.732,3,73
961,961,2,42,True,True,False,90,86.092,6,111
962,962,2,42,True,True,False,27,42.536,1,35
963,963,2,42,True,True,False,188,147.843,21,285
964,964,2,42,True,True,False,178,161.788,10,278
965,965,2,42,True,True,False,15,33.536,0,19
966,966,2,42,True,True,False,15,33.91,0,18
967,967,2,42,True,True,False,63,73.114,3,72
968,968,2,42,True,True,False,78,85.95,4,89
969,969,2,42,True,True,False,111,109.257,8,136
970,970,2,42,True,True,False,17,32.5,0,26
971,971,2,42,True,True,False,149,136.291,12,198
972,972,2,42,True,True,False,81,86.956,5,88
973,973,2,42,True,True,False,163,138.09,17,294
974,974,2,42,True,True,False,54,65.316,3,66
975,975,2,42,False,False,True,185,115.625,18,520
976,976,2,42,True,True,False,14,32.9,0,16
977,977,2,42,True,True,False,95,102.478,4,110
978,978,2,42,True,True,False,27,23.657,1,70
979,979,2,42,True,True,False,84,90.074,5,90
980,980,2,42,True,True,False,232,179.02,21,487
981,981,2,42,False,False,True,176,73.375,34,520
982,982,2,42,True,True,False,174,154.185,12,310
983,983,2,42,True,True,False,119,120.865,7,157
984,984,2,42,True,True,False,57,71.181,2,66
985,985,2,42,True,True,False,106,115.035,4,132
986,986,2,42,True,True,False,39,54.859,1,46
987,987,2,42,True,True,False,143,104.367,21,238
988,988,2,42,True,True,False,10,29.166,0,10
989,989,2,42,True,True,False,180,131.968,22,375
990,990,2,42,True,True,False,13,31.607,0,16
991,991,2,42,True,True,False,85,96.709,4,96
992,992,2,42,True,True,False,17,37.242,0,17
993,993,2,42,True,True,False,13,30.252,0,20
994,994,2,42,False,False,True,203,103.2,28,520
995,995,2,42,True,True,False,176,143.852,18,253
996,996,2,42,True,True,False,10,28.519,0,15
997,997,2,42,True,True,False,62,61.437,3,84
998,998,2,42,True,True,False,150,147.56,7,256
999,999,2,42,True,True,False,25,40.821,1,29
1000,1000,2,42,True,True,False,100,104.069,5,116
1001,1001,2,42,False,False,True,193,68.575,39,520
1002,1002,2,42,True,True,False,14,32.202,0,18
1003,1003,2,42,True,True,False,36,50.04,2,39
1004,1004,2,42,True,True,False,150,135.921,11,207
1005,1005,2,42,True,True,False,187,168.821,9,306
1006,1006,2,42,True,True,False,19,33.818,1,21
1007,1007,2,42,True,True,False,77,67.223,8,175
1008,1008,2,42,True,True,False,101,111.501,4,129
1009,1009,2,42,True,True,False,116,117.015,6,142
1010,1010,2,42,True,True,False,13,30.936,0,17
1011,1011,2,42,True,True,False,20,11.805,0,94
1012,1012,2,42,True,True,False,151,148.27,6,239
1013,1013,2,42,True,True,False,39,50.259,3,50
1014,1014,2,42,True,True,False,71,82.608,4,79
1015,1015,2,42,True,True,False,46,57.2,2,61
1016,1016,2,42,True,True,False,20,35.15,1,25
1017,1017,2,42,True,True,False,167,110.419,23,389
1018,1018,2,42,True,True,False,82,89.738,4,91
1019,1019,2,42,True,True,False,14,32.096,0,18
1020,1020,2,42,True,True,False,10,28.927,0,12
1021,1021,2,42,True,True,False,74,80.433,5,85
1022,1022,2,42,True,True,False,126,125.172,8,148
1023,1023,2,42,True,True,False,16,34.681,0,19
1024,1024,2,42,True,True,False,65,76.865,3,76
1025,1025,2,42,True,True,False,20,38.485,0,25
1026,1026,2,42,True,True,False,65,78.106,3,75
1027,1027,2,42,True,True,False,49,60.092,2,62
1028,1028,2,42,True,True,False,85,96.677,4,95
1029,1029,2,42,True,True,False,70,78.785,4,78
1030,1030,2,42,True,True,False,115,110.472,7,213
1031,1031,2,42,True,True,False,48,63.865,1,53
1032,1032,2,42,True,True,False,10,28.559,0,14
1033,1033,2,42,True,True,False,97,88.414,11,152
1034,1034,2,42,True,True,False,102,109.372,5,117
1035,1035,2,42,False,False,True,201,76.95,39,520
1036,1036,2,42,True,True,False,73,73.71,5,84
1037,1037,2,42,True,True,False,128,129.006,7,181
1038,1038,2,42,True,True,False,84,71.453,6,129
1039,1039,2,42,True,True,False,159,84.939,29,401
1040,1040,2,42,True,True,False,28,42.999,1,37
1041,1041,2,42,False,False,True,220,154.95,17,520
1042,1042,2,42,True,True,False,20,36.763,1,21
1043,1043,2,42,True,True,False,17,35.245,0,22
1044,1044,2,42,True,True,False,90,94.101,6,125
1045,1045,2,42,True,True,False,152,102.772,21,359
1046,1046,2,42,True,True,False,11,30.817,0,11
1047,1047,2,42,True,True,False,155,143.077,7,284
1048,1048,2,42,True,True,False,112,114.903,6,127
1049,1049,2,42,True,True,False,47,58.127,2,59
1050,1050,2,42,True,True,False,177,160.255,12,292
1051,1051,2,42,True,True,False,85,92.519,4,96
1052,1052,2,42,True,True,False,111,89.64,13,228
1053,1053,2,42,True,True,False,52,51.602,4,77
1054,1054,2,42,True,True,False,153,144.357,12,183
1055,1055,2,42,True,True,False,84,93.534,4,97
1056,1056,2,42,True,True,False,70,75.237,5,97
1057,1057,2,42,True,True,False,60,69.413,3,76
1058,1058,2,42,True,True,False,9,27.716,0,12
1059,1059,2,42,True,True,False,16,34.24,0,21
1060,1060,2,42,True,True,False,61,74.618,2,69
1061,1061,2,42,True,True,False,96,93.902,8,126
1062,1062,2,42,True,True,False,58,69.659,2,71
1063,1063,2,42,True,True,False,211,156.495,21,468
1064,1064,2,42,True,True,False,53,66.798,2,61
1065,1065,2,42,True,True,False,108,105.336,5,136
1066,1066,2,42,True,True,False,174,112.827,24,442
1067,1067,2,42,True,True,False,65,74.836,3,82
1068,1068,2,42,True,True,False,53,29.438,6,135
1069,1069,2,42,True,True,False,161,133.473,15,307
1070,1070,2,42,False,False,True,181,15.55,52,520
1071,1071,2,42,True,True,False,36,25.807,3,80
1072,1072,2,42,True,True,False,20,28.28,0,46
1073,1073,2,42,True,True,False,16,34.788,0,20
1074,1074,2,42,True,True,False,39,52.408,2,45
1075,1075,2,42,True,True,False,118,119.31,7,143
1076,1076,2,42,True,True,False,53,65.804,2,65
1077,1077,2,42,True,True,False,13,31.696,0,17
1078,1078,2,42,True,True,False,14,32.541,0,19
1079,1079,2,42,True,True,False,68,-124.712,15,448
1080,1080,2,42,True,True,False,30,36.467,1,46
1081,1081,2,42,True,True,False,85,49.896,10,179
1082,1082,2,42,True,True,False,186,124.835,21,417
1083,1083,2,42,False,False,True,186,73.6,37,520
1084,1084,2,42,True,True,False,10,28.238,0,15
1085,1085,2,42,True,True,False,10,29.817,0,10
1086,1086,2,42,True,True,False,88,16.367,10,247
1087,1087,2,42,True,True,False,8,26.536,0,13
1088,1088,2,42,True,True,False,14,32.236,0,21
1089,1089,2,42,True,True,False,203,148.991,25,430
1090,1090,2,42,True,True,False,60,70.411,3,73
1091,1091,2,42,True,False,True,190,20.491,34,520
1092,1092,2,42,True,True,False,7,26.807,0,7
1093,1093,2,42,True,True,False,116,119.45,6,136
1094,1094,2,42,True,True,False,109,113.906,5,130
1095,1095,2,42,True,True,False,77,-86.532,17,359
1096,1096,2,42,True,True,False,14,33.094,0,16
1097,1097,2,42,True,True,False,42,51.931,2,70
1098,1098,2,42,True,True,False,72,80.621,4,80
1099,1099,2,42,True,True,False,162,157.029,10,211
1100,1100,2,42,True,True,False,135,132.86,9,160
1101,1101,2,42,True,True,False,17,36.027,0,19
1102,1102,2,42,True,True,False,73,-14.033,15,239
1103,1103,2,42,True,True,False,102,101.686,7,122
1104,1104,2,42,True,True,False,13,31.303,0,18
1105,1105,2,42,True,True,False,18,32.332,1,23
1106,1106,2,42,True,True,False,27,41.327,1,33
1107,1107,2,42,True,True,False,87,87.071,7,113
1108,1108,2,42,True,True,False,54,63.809,4,62
1109,1109,2,42,False,False,True,197,65.225,44,520
1110,1110,2,42,True,True,False,97,97.896,5,118
1111,1111,2,42,False,False,True,193,67.4,43,520
1112,1112,2,42,True,True,False,40,52.918,1,52
1113,1113,2,42,True,True,False,59,-23.913,4,241
1114,1114,2,42,True,True,False,79,85.744,3,94
1115,1115,2,42,True,True,False,72,30.337,9,137
1116,1116,2,42,True,True,False,42,44.965,2,65
1117,1117,2,42,True,True,False,135,124.139,11,200
1118,1118,2,42,True,False,True,94,-133.043,12,520
1119,1119,2,42,True,True,False,113,7.924,7,339
1120,1120,2,42,True,True,False,122,123.682,7,152
1121,1121,2,42,True,True,False,189,131.078,13,345
1122,1122,2,42,True,True,False,7,25.774,0,9
1123,1123,2,42,False,False,True,213,97.95,34,520
1124,1124,2,42,True,True,False,18,36.514,0,23
1125,1125,2,42,True,True,False,12,31.061,0,14
1126,1126,2,42,True,True,False,117,115.418,8,138
1127,1127,2,42,True,True,False,132,117.428,13,209
1128,1128,2,42,True,True,False,13,27.138,0,24
1129,1129,2,42,False,False,True,129,47.4,10,520
1130,1130,2,42,True,True,False,149,137.059,11,199
1131,1131,2,42,True,True,False,102,95.588,9,150
1132,1132,2,42,True,True,False,21,33.059,1,31
1133,1133,2,42,True,True,False,82,26.049,33,137
1134,1134,2,42,True,True,False,124,70.85,9,258
1135,1135,2,42,True,True,False,23,31.398,2,33
1136,1136,2,42,True,True,False,21,39.375,0,28
1137,1137,2,42,True,True,False,134,132.36,9,159
1138,1138,2,42,True,True,False,124,123.815,7,142
1139,1139,2,42,True,False,True,134,-30.489,12,520
1140,1140,2,42,True,True,False,10,29.099,0,14
1141,1141,2,42,True,True,False,107,92.157,6,172
1142,1142,2,42,True,True,False,27,40.606,1,36
1143,1143,2,42,True,True,False,169,148.974,11,328
1144,1144,2,42,True,True,False,35,49.128,2,38
1145,1145,2,42,True,True,False,107,111.663,6,139
1146,1146,2,42,True,True,False,40,45.048,4,53
1147,1147,2,42,True,True,False,35,47.94,2,42
1148,1148,2,42,True,True,False,106,94.829,6,156
1149,1149,2,42,True,True,False,89,42.872,6,190
1150,1150,2,42,True,True,False,103,109.268,5,124
1151,1151,2,42,True,True,False,87,91.783,5,97
1152,1152,2,42,True,True,False,140,76.903,30,309
1153,1153,2,42,True,True,False,20,35.087,1,25
1154,1154,2,42,True,True,False,125,119.498,10,145
1155,1155,2,42,False,False,True,243,175.025,23,520
1156,1156,2,42,True,True,False,73,-23.435,2,285
1157,1157,2,42,True,True,False,46,60.983,1,57
1158,1158,2,42,True,True,False,113,109.27,6,204
1159,1159,2,42,True,True,False,76,82.552,4,88
1160,1160,2,42,True,True,False,30,40.219,3,44
1161,1161,2,42,True,True,False,61,70.296,3,71
1162,1162,2,42,True,True,False,34,25.326,5,51
1163,1163,2,42,True,True,False,50,64.5,2,57
1164,1164,2,42,True,True,False,40,54.17,2,43
1165,1165,2,42,False,False,True,195,115.4,22,520
1166,1166,2,42,True,True,False,22,34.813,1,34
1167,1167,2,42,True,True,False,13,31.489,0,18
1168,1168,2,42,True,True,False,12,31.776,0,13
1169,1169,2,42,True,True,False,13,32.454,0,13
1170,1170,2,42,True,True,False,30,44.697,1,38
1171,1171,2,42,True,True,False,13,24.276,1,23
1172,1172,2,42,True,True,False,18,36.855,0,23
1173,1173,2,42,True,True,False,106,23.95,7,279
1174,1174,2,42,False,False,True,204,96.65,37,520
1175,1175,2,42,True,True,False,79,85.317,4,93
1176,1176,2,42,True,True,False,10,28.539,0,15
1177,1177,2,42,True,True,False,9,28.781,0,9
1178,1178,2,42,True,True,False,130,126.007,6,151
1179,1179,2,42,True,True,False,39,47.606,0,54
1180,1180,2,42,False,False,True,118,60.65,14,520
1181,1181,2,42,True,True,False,131,122.666,6,176
1182,1182,2,42,True,True,False,109,103.324,5,139
1183,1183,2,42,True,True,False,80,85.268,6,101
1184,1184,2,42,True,True,False,38,52.393,2,41
1185,1185,2,42,True,True,False,140,6.757,23,470
1186,1186,2,42,True,True,False,13,32.099,0,15
1187,1187,2,42,True,True,False,30,38.124,2,39
1188,1188,2,42,True,True,False,102,107.738,5,112
1189,1189,2,42,True,True,False,125,30.701,38,387
1190,1190,2,42,True,True,False,57,68.427,3,63
1191,1191,2,42,True,True,False,69,74.058,4,81
1192,1192,2,42,True,True,False,18,32.025,0,29
1193,1193,2,42,True,False,True,227,104.73,14,520
1194,1194,2,42,True,True,False,106,99.327,8,158
1195,1195,2,42,True,True,False,51,60.527,2,64
1196,1196,2,42,True,True,False,13,31.371,0,17
1197,1197,2,42,True,True,False,15,34.515,0,15
1198,1198,2,42,True,True,False,51,63.861,2,55
1199,1199,2,42,True,True,False,90,99.303,5,100
1200,1200,2,42,True,True,False,58,-1.828,8,214
1201,1201,2,42,True,True,False,130,123.036,8,182
1202,1202,2,42,True,True,False,14,32.729,0,17
1203,1203,2,42,True,True,False,33,45.792,3,39
1204,1204,2,42,True,True,False,32,38.197,2,47
1205,1205,2,42,True,True,False,90,98.977,5,102
1206,1206,2,42,False,False,True,199,124.55,21,520
1207,1207,2,42,True,True,False,9,28.63,0,9
1208,1208,2,42,False,False,True,226,141.1,21,520
1209,1209,2,42,False,False,True,203,131.825,18,520
1210,1210,2,42,True,True,False,17,34.882,0,24
1211,1211,2,42,True,True,False,218,198.746,12,412
1212,1212,2,42,True,True,False,98,104.439,4,105
1213,1213,2,42,True,True,False,109,102.834,7,151
1214,1214,2,42,True,True,False,18,26.643,0,40
1215,1215,2,42,True,True,False,16,32.107,1,16
1216,1216,2,42,True,True,False,126,-7.765,12,402
1217,1217,2,42,True,True,False,9,27.858,0,9
1218,1218,2,42,True,True,False,39,53.343,2,42
1219,1219,2,42,True,True,False,14,32.878,0,17
1220,1220,2,42,True,True,False,110,117.167,5,125
1221,1221,2,42,False,False,True,219,165.85,12,520
1222,1222,2,42,True,True,False,119,89.587,14,297
1223,1223,2,42,True,True,False,131,128.835,8,203
1224,1224,2,42,True,True,False,38,45.653,1,52
1225,1225,2,42,True,True,False,17,35.542,0,24
1226,1226,2,42,True,True,False,223,178.828,19,398
1227,1227,2,42,True,True,False,17,32.62,1,19
1228,1228,2,42,True,True,False,29,42.413,2,33
1229,1229,2,42,True,True,False,59,70.039,2,78
1230,1230,2,42,True,True,False,47,61.247,2,53
1231,1231,2,42,True,True,False,90,63.869,8,127
1232,1232,2,42,True,True,False,9,26.845,0,13
1233,1233,2,42,True,True,False,88,77.656,10,175
1234,1234,2,42,True,True,False,35,49.212,2,39
1235,1235,2,42,True,True,False,60,73.094,2,70
1236,1236,2,42,True,True,False,20,21.65,4,34
1237,1237,2,42,True,True,False,115,65.978,11,188
1238,1238,2,42,True,True,False,21,32.071,1,27
1239,1239,2,42,True,True,False,163,150.004,8,284
1240,1240,2,42,True,True,False,47,57.86,2,54
1241,1241,2,42,True,True,False,54,26.398,4,133
1242,1242,2,42,True,True,False,14,31.923,0,21
1243,1243,2,42,True,True,False,14,32.947,0,17
1244,1244,2,42,True,True,False,13,32.533,0,13
1245,1245,2,42,True,True,False,17,36.383,0,17
1246,1246,2,42,True,True,False,58,69.208,3,69
1247,1247,2,42,True,True,False,39,55.434,1,41
1248,1248,2,42,True,True,False,50,64.368,2,59
1249,1249,2,42,True,True,False,50,61.147,3,55
1250,1250,2,42,True,True,False,9,28.177,0,9
1251,1251,2,42,True,True,False,217,174.981,17,456
1252,1252,2,42,True,True,False,191,162.566,15,312
1253,1253,2,42,True,True,False,101,96.623,9,141
1254,1254,2,42,True,True,False,55,54.847,6,94
1255,1255,2,42,True,True,False,16,35.238,0,19
1256,1256,2,42,True,True,False,178,141.168,21,302
1257,1257,2,42,True,True,False,40,50.716,2,52
1258,1258,2,42,True,True,False,67,78.812,3,75
1259,1259,2,42,False,False,True,115,35.625,23,520
1260,1260,2,42,True,True,False,29,42.477,2,33
1261,1261,2,42,True,True,False,83,90.236,5,91
1262,1262,2,42,True,True,False,47,61.014,2,52
1263,1263,2,42,True,True,False,17,36.1,0,19
1264,1264,2,42,True,True,False,120,118.779,6,156
1265,1265,2,42,True,True,False,154,112.556,21,268
1266,1266,2,42,True,True,False,12,31.014,0,12
1267,1267,2,42,True,True,False,93,102.365,4,113
1268,1268,2,42,True,True,False,93,97.404,5,108
1269,1269,2,42,True,True,False,66,75.056,4,74
1270,1270,2,42,True,True,False,95,101.549,5,106
1271,1271,2,42,True,True,False,180,152.596,11,362
1272,1272,2,42,True,True,False,20,35.975,1,23
1273,1273,2,42,True,True,False,107,110.143,6,128
1274,1274,2,42,True,True,False,35,47.578,2,39
1275,1275,2,42,True,True,False,15,33.809,0,15
1276,1276,2,42,True,True,False,30,34.219,5,82
1277,1277,2,42,True,True,False,154,125.983,12,291
1278,1278,2,42,True,True,False,18,27.061,0,34
1279,1279,2,42,True,True,False,79,88.459,4,93
1280,1280,2,42,True,True,False,41,40.811,6,52
1281,1281,2,42,True,True,False,8,26.425,0,11
1282,1282,2,42,True,True,False,175,152.885,13,273
1283,1283,2,42,True,True,False,74,80.729,5,85
1284,1284,2,42,True,False,True,123,-36.739,12,520
1285,1285,2,42,True,True,False,130,122.833,9,200
1286,1286,2,42,True,True,False,8,27.015,0,11
1287,1287,2,42,False,False,True,133,94.45,5,520
1288,1288,2,42,True,True,False,28,-58.779,34,66
1289,1289,2,42,False,False,True,233,163.825,17,520
1290,1290,2,42,True,True,False,13,32.329,0,13
1291,1291,2,42,True,True,False,43,57.991,2,49
1292,1292,2,42,True,True,False,32,39.192,2,41
1293,1293,2,42,True,True,False,54,62.979,3,61
1294,1294,2,42,True,True,False,105,94.259,11,157
1295,1295,2,42,True,True,False,196,150.403,20,404
1296,1296,2,42,True,True,False,59,69.843,3,72
1297,1297,2,42,True,True,False,12,30.859,0,15
1298,1298,2,42,True,True,False,10,28.934,0,10
1299,1299,2,42,True,True,False,16,34.822,0,18
1300,1300,2,42,True,True,False,14,33.155,0,14
1301,1301,2,42,True,True,False,138,135.235,8,170
1302,1302,2,42,True,True,False,12,31.756,0,13
1303,1303,2,42,True,True,False,8,26.95,0,10
1304,1304,2,42,True,True,False,43,56.555,2,47
1305,1305,2,42,True,True,False,125,119.536,7,188
1306,1306,2,42,True,True,False,121,121.887,6,145
1307,1307,2,42,True,True,False,48,62.127,2,52
1308,1308,2,42,True,True,False,13,32.315,0,13
1309,1309,2,42,True,True,False,57,61.47,4,70
1310,1310,2,42,True,True,False,9,26.781,0,13
1311,1311,2,42,True,True,False,87,97.142,4,98
1312,1312,2,42,True,True,False,105,108.697,6,124
1313,1313,2,42,True,True,False,50,56.528,5,79
1314,1314,2,42,True,True,False,88,63.616,9,119
1315,1315,2,42,True,True,False,13,32.304,0,13
1316,1316,2,42,True,True,False,19,35.096,1,21
1317,1317,2,42,True,True,False,14,33.786,0,14
1318,1318,2,42,True,True,False,20,34.552,1,22
1319,1319,2,42,True,True,False,71,78.853,4,95
1320,1320,2,42,True,True,False,44,57.733,2,47
1321,1321,2,42,True,True,False,9,27.61,0,11
1322,1322,2,42,True,True,False,78,85.947,4,83
1323,1323,2,42,True,True,False,42,55.353,2,54
1324,1324,2,42,True,True,False,18,38.242,0,19
1325,1325,2,42,True,True,False,113,120.161,5,131
1326,1326,2,42,True,True,False,48,60.895,2,62
1327,1327,2,42,True,True,False,145,136.635,9,199
1328,1328,2,42,True,True,False,7,25.871,0,7
1329,1329,2,42,True,True,False,18,34.246,1,21
1330,1330,2,42,True,True,False,125,122.626,7,159
1331,1331,2,42,True,True,False,63,74.798,3,94
1332,1332,2,42,True,True,False,39,54.158,2,44
1333,1333,2,42,True,True,False,85,93.278,4,96
1334,1334,2,42,True,True,False,210,182.152,16,386
1335,1335,2,42,True,True,False,58,68.333,3,74
1336,1336,2,42,False,False,True,116,82.325,3,520
1337,1337,2,42,True,True,False,8,27.814,0,8
1338,1338,2,42,True,True,False,32,40.919,2,37
1339,1339,2,42,True,True,False,26,41.445,1,27
1340,1340,2,42,True,True,False,31,40.448,2,36
1341,1341,2,42,False,False,True,233,167.625,17,520
1342,1342,2,42,True,True,False,65,77.573,3,79
1343,1343,2,42,True,True,False,7,26.566,0,7
1344,1344,2,42,True,True,False,124,119.305,9,148
1345,1345,2,42,True,True,False,96,102.796,5,107
1346,1346,2,42,True,True,False,129,117.193,10,192
1347,1347,2,42,True,True,False,151,101.891,24,339
1348,1348,2,42,True,True,False,51,65.544,2,56
1349,1349,2,42,True,True,False,116,97.385,7,190
1350,1350,2,42,True,True,False,43,56.126,3,56
1351,1351,2,42,True,True,False,16,34.903,0,19
1352,1352,2,42,True,True,False,10,29.635,0,10
1353,1353,2,42,True,True,False,78,87.021,4,87
1354,1354,2,42,True,True,False,56,66.143,3,67
1355,1355,2,42,True,True,False,16,35.076,0,17
1356,1356,2,42,True,True,False,108,109.324,8,129
1357,1357,2,42,True,True,False,25,42.795,1,28
1358,1358,2,42,True,True,False,71,77.446,6,90
1359,1359,2,42,True,True,False,86,91.372,5,100
1360,1360,2,42,True,True,False,40,54.011,2,44
1361,1361,2,42,True,True,False,21,35.93,1,24
1362,1362,2,42,True,True,False,98,101.654,5,110
1363,1363,2,42,True,True,False,14,32.792,0,14
1364,1364,2,42,True,True,False,114,118.571,4,140
1365,1365,2,42,True,True,False,181,115.086,28,376
1366,1366,2,42,True,True,False,19,35.797,1,20
1367,1367,2,42,True,True,False,100,107.447,4,108
1368,1368,2,42,True,True,False,71,82.198,3,82
1369,1369,2,42,True,True,False,71,52.087,12,154
1370,1370,2,42,True,True,False,128,91.465,18,250
1371,1371,2,42,True,True,False,53,61.994,4,71
1372,1372,2,42,True,True,False,91,93.619,5,98
1373,1373,2,42,True,True,False,31,39.662,2,38
1374,1374,2,42,True,True,False,96,101.033,5,105
1375,1375,2,42,True,True,False,60,72.604,3,67
1376,1376,2,42,True,True,False,26,8.878,6,58
1377,1377,2,42,True,True,False,16,31.624,1,16
1378,1378,2,42,True,True,False,80,65.484,12,130
1379,1379,2,42,False,False,True,163,88.0,12,520
1380,1380,2,42,True,True,False,80,84.102,5,96
1381,1381,2,42,True,True,False,12,29.737,0,19
1382,1382,2,42,True,True,False,176,144.485,15,361
1383,1383,2,42,True,True,False,16,35.083,0,16
1384,1384,2,42,True,True,False,129,113.368,8,225
1385,1385,2,42,True,True,False,24,37.845,1,29
1386,1386,2,42,True,True,False,53,66.426,2,61
1387,1387,2,42,True,True,False,48,60.953,2,56
1388,1388,2,42,True,True,False,53,65.063,2,62
1389,1389,2,42,True,True,False,92,89.336,7,115
1390,1390,2,42,True,True,False,41,52.248,2,47
1391,1391,2,42,True,True,False,196,133.171,26,384
1392,1392,2,42,True,True,False,154,141.0,8,268
1393,1393,2,42,True,True,False,40,43.536,4,55
1394,1394,2,42,True,True,False,49,59.474,2,58
1395,1395,2,42,True,True,False,58,68.173,4,70
1396,1396,2,42,True,True,False,154,139.461,8,236
1397,1397,2,42,True,True,False,53,67.254,2,61
1398,1398,2,42,False,False,True,170,-313.15,226,520
1399,1399,2,42,True,True,False,106,117.737,3,119
1400,1400,2,42,True,True,False,20,23.632,3,33
1401,1401,2,42,False,False,True,210,132.275,23,520
1402,1402,2,42,True,True,False,109,101.817,8,170
1403,1403,2,42,True,True,False,167,146.025,11,257
1404,1404,2,42,True,True,False,48,59.673,2,57
1405,1405,2,42,False,False,True,236,181.8,14,520
1406,1406,2,42,True,True,False,40,53.669,2,44
1407,1407,2,42,True,True,False,78,84.892,5,93
1408,1408,2,42,True,True,False,78,89.769,4,87
1409,1409,2,42,False,False,True,199,70.2,46,520
1410,1410,2,42,True,True,False,56,69.566,2,62
1411,1411,2,42,True,True,False,119,95.275,10,218
1412,1412,2,42,True,True,False,86,96.825,3,93
1413,1413,2,42,True,True,False,19,35.846,0,30
1414,1414,2,42,True,True,False,19,30.751,1,24
1415,1415,2,42,True,True,False,13,27.503,0,29
1416,1416,2,42,True,True,False,71,58.197,11,142
1417,1417,2,42,True,True,False,70,69.909,5,90
1418,1418,2,42,True,True,False,57,64.586,1,81
1419,1419,2,42,True,True,False,38,53.089,1,45
1420,1420,2,42,True,True,False,76,85.728,3,88
1421,1421,2,42,True,True,False,92,89.209,5,122
1422,1422,2,42,True,True,False,73,78.377,5,89
1423,1423,2,42,True,True,False,18,28.682,0,34
1424,1424,2,42,True,True,False,73,85.259,3,84
1425,1425,2,42,True,True,False,22,38.075,1,27
1426,1426,2,42,True,True,False,170,90.381,31,419
1427,1427,2,42,True,True,False,9,28.118,0,10
1428,1428,2,42,True,True,False,21,22.785,0,53
1429,1429,2,42,True,True,False,38,48.593,2,45
1430,1430,2,42,True,True,False,58,59.211,6,112
1431,1431,2,42,True,True,False,24,36.537,2,31
1432,1432,2,42,True,True,False,110,113.594,5,147
1433,1433,2,42,True,True,False,27,42.5,1,32
1434,1434,2,42,True,True,False,44,60.063,1,51
1435,1435,2,42,True,True,False,104,92.263,5,423
1436,1436,2,42,True,True,False,103,103.053,7,130
1437,1437,2,42,True,True,False,80,88.457,4,89
1438,1438,2,42,True,True,False,8,26.946,0,10
1439,1439,2,42,True,True,False,54,63.792,3,61
1440,1440,2,42,True,True,False,137,125.785,7,204
1441,1441,2,42,True,True,False,16,35.028,0,18
1442,1442,2,42,True,True,False,92,99.937,4,106
1443,1443,2,42,True,True,False,76,71.814,6,113
1444,1444,2,42,True,True,False,19,34.99,1,21
1445,1445,2,42,True,True,False,24,39.866,1,29
1446,1446,2,42,True,True,False,14,32.871,0,17
1447,1447,2,42,True,True,False,150,125.971,7,218
1448,1448,2,42,True,True,False,111,117.059,5,128
1449,1449,2,42,False,False,True,105,-72.825,66,520
1450,1450,2,42,True,True,False,30,44.627,1,36
1451,1451,2,42,True,True,False,71,73.613,4,101
1452,1452,2,42,True,True,False,61,73.672,2,70
1453,1453,2,42,True,True,False,227,149.513,33,483
1454,1454,2,42,True,True,False,36,2.947,4,137
1455,1455,2,42,True,True,False,71,67.12,5,106
1456,1456,2,42,True,True,False,110,118.371,4,130
1457,1457,2,42,True,True,False,53,53.56,3,62
1458,1458,2,42,True,True,False,72,75.094,4,87
1459,1459,2,42,True,True,False,93,95.668,5,113
1460,1460,2,42,True,True,False,18,33.034,1,22
1461,1461,2,42,True,True,False,19,29.436,0,35
1462,1462,2,42,True,True,False,78,78.58,5,97
1463,1463,2,42,True,True,False,67,80.848,2,74
1464,1464,2,42,True,True,False,172,76.183,18,412
1465,1465,2,42,True,True,False,38,48.778,2,51
1466,1466,2,42,True,True,False,15,34.697,0,15
1467,1467,2,42,True,True,False,59,71.914,2,73
1468,1468,2,42,True,True,False,95,95.898,5,108
1469,1469,2,42,True,True,False,69,75.212,5,94
1470,1470,2,42,True,True,False,17,35.86,0,19
1471,1471,2,42,True,True,False,165,134.392,14,408
1472,1472,2,42,True,True,False,15,34.765,0,15
1473,1473,2,42,True,True,False,15,33.522,0,20
1474,1474,2,42,False,False,True,215,146.6,19,520
1475,1475,2,42,True,True,False,8,27.765,0,8
1476,1476,2,42,False,False,True,189,91.975,29,520
1477,1477,2,42,True,True,False,17,36.083,0,19
1478,1478,2,42,True,True,False,87,94.212,5,102
1479,1479,2,42,True,True,False,124,126.477,6,168
1480,1480,2,42,True,True,False,67,73.526,4,101
1481,1481,2,42,True,True,False,196,138.652,19,511
1482,1482,2,42,True,True,False,44,43.438,2,76
1483,1483,2,42,True,False,True,143,101.139,12,520
1484,1484,2,42,True,True,False,20,32.942,1,25
1485,1485,2,42,False,False,True,269,199.125,20,520
1486,1486,2,42,True,True,False,59,70.68,2,76
1487,1487,2,42,True,True,False,152,131.568,14,268
1488,1488,2,42,True,True,False,47,55.578,2,57
1489,1489,2,42,True,True,False,66,76.566,3,71
1490,1490,2,42,True,True,False,11,29.944,0,13
1491,1491,2,42,False,False,True,201,134.5,18,520
1492,1492,2,42,False,False,True,192,96.2,29,520
1493,1493,2,42,True,True,False,95,94.012,7,135
1494,1494,2,42,False,False,True,201,122.775,20,520
1495,1495,2,42,True,True,False,21,33.227,2,23
1496,1496,2,42,True,True,False,83,93.025,4,91
1497,1497,2,42,True,True,False,8,27.076,0,10
1498,1498,2,42,True,True,False,129,132.059,6,141
1499,1499,2,42,True,True,False,115,114.697,7,142
1500,1500,2,42,True,True,False,109,107.854,7,142
1501,1501,2,42,True,True,False,173,152.361,8,387
1502,1502,2,42,True,True,False,171,173.543,5,212
1503,1503,2,42,False,False,True,178,113.6,15,520
1504,1504,2,42,False,False,True,173,95.675,21,520
1505,1505,2,42,True,True,False,50,64.895,1,63
1506,1506,2,42,True,True,False,42,36.628,3,80
1507,1507,2,42,True,True,False,16,34.841,0,17
1508,1508,2,42,True,True,False,100,103.113,4,133
1509,1509,2,42,True,True,False,44,59.377,2,48
1510,1510,2,42,True,True,False,164,161.015,7,252
1511,1511,2,42,True,True,False,103,85.43,3,170
1512,1512,2,42,True,True,False,56,68.382,2,69
1513,1513,2,42,True,True,False,144,103.904,13,241
1514,1514,2,42,True,True,False,131,128.385,8,181
1515,1515,2,42,True,True,False,180,161.709,10,316
1516,1516,2,42,True,True,False,21,32.043,1,29
1517,1517,2,42,True,True,False,83,53.903,7,175
1518,1518,2,42,True,True,False,7,25.867,0,9
1519,1519,2,42,True,True,False,12,30.825,0,14
1520,1520,2,42,True,True,False,92,86.869,7,166
1521,1521,2,42,True,True,False,15,34.48,0,15
1522,1522,2,42,True,True,False,19,35.041,0,31
1523,1523,2,42,True,True,False,11,29.953,0,11
1524,1524,2,42,True,True,False,22,19.757,3,49
1525,1525,2,42,False,False,True,224,132.3,28,520
1526,1526,2,42,True,True,False,17,36.762,0,17
1527,1527,2,42,True,True,False,19,38.991,0,21
1528,1528,2,42,True,True,False,9,28.536,0,9
1529,1529,2,42,True,True,False,9,27.731,0,10
1530,1530,2,42,True,True,False,11,29.918,0,13
1531,1531,2,42,True,True,False,77,79.478,5,145
1532,1532,2,42,True,True,False,40,49.675,2,53
1533,1533,2,42,True,True,False,159,93.461,8,331
1534,1534,2,42,True,True,False,18,36.36,0,23
1535,1535,2,42,True,True,False,28,40.391,2,34
1536,1536,2,42,True,True,False,55,67.095,2,71
1537,1537,2,42,True,True,False,50,62.372,2,58
1538,1538,2,42,True,True,False,7,26.778,0,7
1539,1539,2,42,True,True,False,8,26.468,0,12
1540,1540,2,42,True,True,False,37,45.558,3,46
1541,1541,2,42,True,True,False,53,64.502,3,60
1542,1542,2,42,True,True,False,191,126.948,24,480
1543,1543,2,42,True,True,False,72,83.586,3,81
1544,1544,2,42,True,True,False,93,84.814,7,147
1545,1545,2,42,True,True,False,123,117.79,8,221
1546,1546,2,42,True,True,False,6,25.441,0,6
1547,1547,2,42,True,True,False,105,114.541,4,121
1548,1548,2,42,True,True,False,54,-12.252,6,195
1549,1549,2,42,True,True,False,155,93.169,23,454
1550,1550,2,42,True,True,False,14,24.896,0,30
1551,1551,2,42,True,True,False,41,52.057,2,54
1552,1552,2,42,True,True,False,53,61.898,3,69
1553,1553,2,42,True,True,False,9,28.794,0,9
1554,1554,2,42,True,True,False,178,139.173,14,330
1555,1555,2,42,False,False,True,169,112.975,14,520
1556,1556,2,42,True,True,False,102,71.269,14,265
1557,1557,2,42,True,True,False,194,123.179,18,487
1558,1558,2,42,True,True,False,8,26.785,0,10
1559,1559,2,42,True,True,False,14,33.711,0,14
1560,1560,2,42,True,True,False,10,27.991,0,17
1561,1561,2,42,True,True,False,53,66.156,2,64
1562,1562,2,42,True,True,False,119,104.187,9,250
1563,1563,2,42,True,True,False,40,53.674,1,50
1564,1564,2,42,True,True,False,68,74.357,4,79
1565,1565,2,42,True,True,False,169,122.091,21,401
1566,1566,2,42,True,True,False,66,75.784,3,76
1567,1567,2,42,True,True,False,58,28.751,4,164
1568,1568,2,42,True,True,False,12,30.343,0,17
1569,1569,2,42,True,True,False,23,30.902,2,35
1570,1570,2,42,True,True,False,10,28.49,0,15
1571,1571,2,42,True,True,False,72,81.989,3,85
1572,1572,2,42,False,False,True,146,71.225,21,520
1573,1573,2,42,True,True,False,78,89.2,4,92
1574,1574,2,42,True,True,False,87,-85.893,17,311
1575,1575,2,42,True,True,False,73,78.563,5,101
1576,1576,2,42,False,False,True,162,38.425,40,520
1577,1577,2,42,True,True,False,55,68.442,2,63
1578,1578,2,42,True,True,False,48,57.379,3,60
1579,1579,2,42,False,False,True,190,84.975,33,520
1580,1580,2,42,True,True,False,75,80.985,5,88
1581,1581,2,42,True,True,False,46,60.341,1,57
1582,1582,2,42,True,True,False,63,73.277,3,72
1583,1583,2,42,True,False,True,172,101.043,14,520
1584,1584,2,42,True,True,False,122,124.478,5,166
1585,1585,2,42,True,True,False,134,79.171,23,263
1586,1586,2,42,True,True,False,52,67.533,1,58
1587,1587,2,42,True,True,False,78,88.882,4,91
1588,1588,2,42,True,True,False,47,55.159,3,57
1589,1589,2,42,True,True,False,141,138.902,7,163
1590,1590,2,42,True,True,False,28,43.292,1,34
1591,1591,2,42,True,True,False,55,69.994,2,62
1592,1592,2,42,True,True,False,68,78.293,3,119
1593,1593,2,42,True,True,False,69,80.142,3,78
1594,1594,2,42,True,True,False,43,55.226,2,51
1595,1595,2,42,True,True,False,72,81.986,3,86
1596,1596,2,42,True,True,False,87,74.448,8,203
1597,1597,2,42,True,True,False,52,67.501,1,61
1598,1598,2,42,False,False,True,207,84.55,38,520
1599,1599,2,42,True,True,False,42,50.838,2,52
1600,1600,2,42,False,False,True,193,90.35,27,520
1601,1601,2,42,True,True,False,13,31.436,0,15
1602,1602,2,42,True,True,False,16,35.791,0,16
1603,1603,2,42,True,True,False,21,28.948,2,32
1604,1604,2,42,True,True,False,25,39.467,1,31
1605,1605,2,42,True,True,False,13,29.641,0,20
1606,1606,2,42,True,True,False,76,81.361,4,92
1607,1607,2,42,True,True,False,73,82.737,4,87
1608,1608,2,42,True,True,False,84,90.551,4,98
1609,1609,2,42,False,False,True,158,54.95,29,520
1610,1610,2,42,True,True,False,23,38.305,1,30
1611,1611,2,42,True,True,False,109,43.263,26,278
1612,1612,2,42,False,False,True,213,110.25,26,520
1613,1613,2,42,True,True,False,99,75.612,6,116
1614,1614,2,42,True,True,False,17,36.782,0,18
1615,1615,2,42,True,True,False,100,89.826,8,126
1616,1616,2,42,True,True,False,17,34.008,0,28
1617,1617,2,42,True,True,False,10,29.53,0,10
1618,1618,2,42,True,True,False,10,29.104,0,11
1619,1619,2,42,True,True,False,11,29.932,0,12
1620,1620,2,42,True,True,False,22,38.093,1,29
1621,1621,2,42,True,True,False,11,29.38,0,15
1622,1622,2,42,True,True,False,109,111.756,5,147
1623,1623,2,42,True,True,False,68,74.322,3,88
1624,1624,2,42,True,True,False,6,25.812,0,6
1625,1625,2,42,True,True,False,17,35.603,0,17
1626,1626,2,42,True,True,False,86,90.498,5,102
1627,1627,2,42,True,True,False,10,27.716,0,14
1628,1628,2,42,True,True,False,13,31.104,0,17
1629,1629,2,42,True,True,False,74,86.454,3,82
1630,1630,2,42,True,True,False,82,93.216,4,90
1631,1631,2,42,True,True,False,39,48.637,2,45
1632,1632,2,42,True,True,False,76,83.637,3,90
1633,1633,2,42,True,True,False,26,42.99,1,28
1634,1634,2,42,True,True,False,150,103.598,15,320
1635,1635,2,42,True,True,False,100,89.954,8,118
1636,1636,2,42,True,True,False,15,34.681,0,15
1637,1637,2,42,True,True,False,83,85.114,5,127
1638,1638,2,42,True,True,False,54,67.359,2,63
1639,1639,2,42,True,True,False,34,39.675,2,41
1640,1640,2,42,True,True,False,120,80.892,8,153
1641,1641,2,42,True,True,False,76,86.223,4,88
1642,1642,2,42,False,False,True,193,120.65,22,520
1643,1643,2,42,True,True,False,64,75.928,3,69
1644,1644,2,42,True,True,False,25,38.609,2,30
1645,1645,2,42,True,True,False,19,34.5,1,23
1646,1646,2,42,True,True,False,105,82.232,11,255
1647,1647,2,42,True,True,False,73,79.681,4,114
1648,1648,2,42,True,True,False,19,35.228,1,22
1649,1649,2,42,False,False,True,182,75.525,37,520
1650,1650,2,42,True,True,False,11,29.433,0,13
1651,1651,2,42,True,True,False,128,61.217,25,370
1652,1652,2,42,True,True,False,19,34.749,1,22
1653,1653,2,42,True,True,False,81,86.814,5,88
1654,1654,2,42,True,True,False,16,35.637,0,16
1655,1655,2,42,True,True,False,17,33.953,0,24
1656,1656,2,42,True,True,False,15,34.705,0,15
1657,1657,2,42,True,True,False,15,33.512,0,19
1658,1658,2,42,True,True,False,170,103.241,22,504
1659,1659,2,42,True,True,False,119,121.364,8,139
1660,1660,2,42,True,True,False,82,89.816,5,98
1661,1661,2,42,True,True,False,88,-595.148,340,435
1662,1662,2,42,True,True,False,179,145.083,16,417
1663,1663,2,42,True,True,False,9,26.347,0,16
1664,1664,2,42,True,True,False,60,59.409,5,85
1665,1665,2,42,True,True,False,84,87.933,5,109
1666,1666,2,42,True,True,False,10,28.054,0,13
1667,1667,2,42,True,True,False,11,29.822,0,13
1668,1668,2,42,True,True,False,107,110.175,5,124
1669,1669,2,42,False,False,True,191,34.275,52,520
1670,1670,2,42,False,False,True,213,172.125,9,520
1671,1671,2,42,False,False,True,200,79.75,35,520
1672,1672,2,42,True,True,False,22,30.186,2,33
1673,1673,2,42,True,True,False,17,34.262,0,24
1674,1674,2,42,True,True,False,119,121.918,6,154
1675,1675,2,42,True,True,False,74,61.046,7,101
1676,1676,2,42,False,False,True,173,58.55,35,520
1677,1677,2,42,True,True,False,101,95.427,4,127
1678,1678,2,42,True,True,False,176,118.367,22,359
1679,1679,2,42,True,True,False,49,59.766,2,60
1680,1680,2,42,True,True,False,8,27.796,0,9
1681,1681,2,42,True,True,False,10,27.132,0,17
1682,1682,2,42,True,True,False,11,29.549,0,15
1683,1683,2,42,True,True,False,27,40.618,2,30
1684,1684,2,42,True,True,False,52,60.586,3,82
1685,1685,2,42,True,True,False,184,175.795,7,319
1686,1686,2,42,True,True,False,14,32.048,0,18
1687,1687,2,42,True,True,False,107,104.968,6,119
1688,1688,2,42,True,True,False,7,26.778,0,7
1689,1689,2,42,False,False,True,188,83.85,35,520
1690,1690,2,42,True,True,False,30,49.343,0,38
1691,1691,2,42,True,True,False,10,29.747,0,10
1692,1692,2,42,True,True,False,46,60.31,2,49
1693,1693,2,42,True,True,False,64,75.688,2,79
1694,1694,2,42,False,False,True,142,18.7,38,520
1695,1695,2,42,True,True,False,16,34.528,0,20
1696,1696,2,42,True,True,False,24,39.206,1,31
1697,1697,2,42,True,True,False,69,82.185,3,82
1698,1698,2,42,True,True,False,83,94.189,3,88
1699,1699,2,42,True,True,False,202,166.087,15,442
1700,1700,2,42,False,False,True,212,78.8,35,520
1701,1701,2,42,True,True,False,21,25.966,2,40
1702,1702,2,42,True,True,False,37,46.106,3,47
1703,1703,2,42,True,True,False,49,59.991,3,64
1704,1704,2,42,True,True,False,82,84.266,6,99
1705,1705,2,42,True,True,False,130,133.21,6,169
1706,1706,2,42,True,True,False,47,32.553,8,105
1707,1707,2,42,True,True,False,12,29.12,0,19
1708,1708,2,42,True,True,False,8,27.817,0,8
1709,1709,2,42,True,True,False,31,44.608,1,38
1710,1710,2,42,True,True,False,37,48.342,2,46
1711,1711,2,42,True,True,False,44,55.441,2,53
1712,1712,2,42,True,True,False,68,59.322,2,119
1713,1713,2,42,True,True,False,66,75.389,3,76
1714,1714,2,42,True,True,False,101,108.408,5,122
1715,1715,2,42,True,False,True,208,124.756,24,520
1716,1716,2,42,True,True,False,84,94.761,3,89
1717,1717,2,42,True,True,False,26,42.255,1,31
1718,1718,2,42,True,True,False,108,54.476,9,228
1719,1719,2,42,True,True,False,15,34.333,0,15
1720,1720,2,42,True,True,False,68,81.518,2,82
1721,1721,2,42,True,True,False,81,86.553,3,99
1722,1722,2,42,True,True,False,65,78.448,3,73
1723,1723,2,42,True,True,False,145,143.892,7,198
1724,1724,2,42,True,True,False,232,183.681,21,510
1725,1725,2,42,True,True,False,8,27.595,0,8
1726,1726,2,42,True,True,False,8,27.08,0,10
1727,1727,2,42,True,True,False,46,55.138,3,58
1728,1728,2,42,True,True,False,39,25.263,3,89
1729,1729,2,42,True,True,False,21,32.698,1,28
1730,1730,2,42,True,True,False,7,26.646,0,7
1731,1731,2,42,True,True,False,12,28.085,0,22
1732,1732,2,42,True,True,False,9,28.502,0,9
1733,1733,2,42,True,True,False,20,34.792,1,28
1734,1734,2,42,False,False,True,191,81.725,33,520
1735,1735,2,42,True,True,False,71,81.312,4,80
1736,1736,2,42,True,True,False,18,37.777,0,18
1737,1737,2,42,True,True,False,38,48.832,3,46
1738,1738,2,42,True,True,False,102,105.743,6,121
1739,1739,2,42,True,True,False,28,44.079,1,31
1740,1740,2,42,True,True,False,18,34.65,0,28
1741,1741,2,42,True,True,False,24,40.596,1,27
1742,1742,2,42,True,True,False,163,158.422,7,242
1743,1743,2,42,True,True,False,14,33.813,0,14
1744,1744,2,42,True,True,False,120,112.677,8,184
1745,1745,2,42,True,True,False,9,28.111,0,9
1746,1746,2,42,True,True,False,67,77.424,3,71
1747,1747,2,42,True,True,False,122,102.758,6,225
1748,1748,2,42,True,True,False,21,38.603,0,28
1749,1749,2,42,True,True,False,11,30.817,0,11
1750,1750,2,42,True,True,False,86,93.103,4,103
1751,1751,2,42,True,True,False,57,67.613,4,66
1752,1752,2,42,False,False,True,234,153.625,25,520
1753,1753,2,42,True,True,False,8,26.391,0,13
1754,1754,2,42,True,True,False,51,54.971,3,67
1755,1755,2,42,True,True,False,111,105.618,5,232
1756,1756,2,42,True,False,True,198,69.498,33,520
1757,1757,2,42,False,False,True,230,123.8,35,520
1758,1758,2,42,True,True,False,76,62.541,5,117
1759,1759,2,42,True,True,False,75,85.874,3,82
1760,1760,2,42,True,True,False,18,36.463,0,23
1761,1761,2,42,True,True,False,33,9.989,1,111
1762,1762,2,42,False,False,True,148,68.375,4,520
1763,1763,2,42,True,True,False,109,100.832,7,191
1764,1764,2,42,True,True,False,80,88.02,5,91
1765,1765,2,42,True,True,False,115,118.684,5,134
1766,1766,2,42,True,True,False,81,87.626,4,89
1767,1767,2,42,True,True,False,71,76.36,5,83
1768,1768,2,42,True,True,False,14,33.602,0,14
1769,1769,2,42,True,True,False,130,124.23,8,196
1770,1770,2,42,True,True,False,54,64.577,2,74
1771,1771,2,42,True,True,False,7,26.496,0,7
1772,1772,2,42,True,True,False,49,58.313,3,58
1773,1773,2,42,True,True,False,120,115.123,7,176
1774,1774,2,42,True,True,False,37,30.776,2,76
1775,1775,2,42,True,True,False,11,29.375,0,15
1776,1776,2,42,True,True,False,15,31.84,0,22
1777,1777,2,42,True,True,False,104,108.728,4,120
1778,1778,2,42,True,True,False,12,31.696,0,12
1779,1779,2,42,True,True,False,24,39.163,1,30
1780,1780,2,42,True,True,False,67,75.523,3,76
1781,1781,2,42,True,True,False,16,33.728,0,23
1782,1782,2,42,True,True,False,140,84.59,19,295
1783,1783,2,42,True,True,False,164,48.897,24,451
1784,1784,2,42,True,True,False,80,78.728,4,105
1785,1785,2,42,True,True,False,165,9.244,20,502
1786,1786,2,42,True,True,False,9,28.082,0,10
1787,1787,2,42,False,False,True,208,122.55,29,520
1788,1788,2,42,True,True,False,40,-3.641,2,152
1789,1789,2,42,True,True,False,149,139.293,9,234
1790,1790,2,42,True,True,False,69,79.528,4,80
1791,1791,2,42,True,True,False,119,73.566,18,317
1792,1792,2,42,True,True,False,44,55.833,2,55
1793,1793,2,42,True,True,False,14,31.783,0,23
1794,1794,2,42,True,True,False,19,34.027,1,23
1795,1795,2,42,True,True,False,59,15.592,6,176
1796,1796,2,42,True,True,False,30,39.533,2,37
1797,1797,2,42,True,True,False,88,90.238,3,106
1798,1798,2,42,True,True,False,12,30.463,0,17
1799,1799,2,42,False,False,True,174,68.45,26,520
1800,1800,2,42,True,True,False,7,26.582,0,7
1801,1801,2,42,True,True,False,92,102.646,4,106
1802,1802,2,42,True,True,False,44,58.952,2,50
1803,1803,2,42,True,False,True,194,113.527,23,520
1804,1804,2,42,True,True,False,76,87.125,3,81
1805,1805,2,42,True,True,False,83,76.476,5,116
1806,1806,2,42,True,True,False,135,109.019,12,226
1807,1807,2,42,True,True,False,14,32.504,0,18
1808,1808,2,42,True,True,False,23,39.165,1,24
1809,1809,2,42,False,False,True,196,108.65,20,520
1810,1810,2,42,True,True,False,80,87.051,5,108
1811,1811,2,42,True,True,False,60,57.869,3,84
1812,1812,2,42,True,True,False,88,95.228,4,108
1813,1813,2,42,True,True,False,105,104.942,5,146
1814,1814,2,42,True,True,False,90,99.246,5,105
1815,1815,2,42,True,True,False,65,76.286,3,69
1816,1816,2,42,True,True,False,87,93.896,3,97
1817,1817,2,42,True,True,False,131,130.047,7,159
1818,1818,2,42,True,True,False,78,88.961,3,85
1819,1819,2,42,True,True,False,217,170.318,17,433
1820,1820,2,42,True,True,False,121,124.625,6,132
1821,1821,2,42,True,True,False,28,41.249,2,34
1822,1822,2,42,True,True,False,9,28.783,0,9
1823,1823,2,42,False,False,True,162,99.975,16,520
1824,1824,2,42,True,True,False,8,26.361,0,12
1825,1825,2,42,True,True,False,12,30.991,0,12
1826,1826,2,42,True,True,False,103,88.821,6,140
1827,1827,2,42,True,True,False,61,69.918,2,83
1828,1828,2,42,True,True,False,58,68.254,2,75
1829,1829,2,42,False,False,True,191,101.15,25,520
1830,1830,2,42,True,True,False,64,77.664,3,71
1831,1831,2,42,True,True,False,43,53.502,2,54
1832,1832,2,42,True,True,False,17,31.556,1,21
1833,1833,2,42,True,True,False,45,54.706,2,53
1834,1834,2,42,False,False,True,198,103.125,28,520
1835,1835,2,42,True,True,False,75,82.211,4,101
1836,1836,2,42,True,True,False,85,89.984,4,97
1837,1837,2,42,False,False,True,238,171.45,17,520
1838,1838,2,42,True,True,False,12,30.24,0,16
1839,1839,2,42,True,True,False,11,29.337,0,16
1840,1840,2,42,True,True,False,22,31.575,2,33
1841,1841,2,42,True,True,False,79,88.057,4,86
1842,1842,2,42,True,True,False,112,10.817,25,456
1843,1843,2,42,True,True,False,93,101.511,5,108
1844,1844,2,42,True,True,False,17,34.631,0,22
1845,1845,2,42,True,True,False,13,30.44,0,20
1846,1846,2,42,True,True,False,108,111.397,5,127
1847,1847,2,42,True,True,False,28,44.433,1,29
1848,1848,2,42,True,True,False,20,35.417,1,25
1849,1849,2,42,True,True,False,8,26.38,0,12
1850,1850,2,42,True,True,False,44,55.083,3,49
1851,1851,2,42,True,True,False,41,54.637,2,46
1852,1852,2,42,True,True,False,186,138.355,23,375
1853,1853,2,42,True,True,False,224,176.061,13,486
1854,1854,2,42,True,True,False,18,35.224,0,25
1855,1855,2,42,True,True,False,82,93.461,3,87
1856,1856,2,42,True,True,False,11,27.397,0,18
1857,1857,2,42,True,True,False,6,25.58,0,6
1858,1858,2,42,True,True,False,8,27.767,0,8
1859,1859,2,42,True,True,False,29,44.543,1,30
1860,1860,2,42,True,True,False,29,44.993,1,36
1861,1861,2,42,True,True,False,176,166.915,8,264
1862,1862,2,42,True,True,False,76,86.774,3,81
1863,1863,2,42,True,True,False,177,147.165,8,325
1864,1864,2,42,True,True,False,114,115.888,6,141
1865,1865,2,42,True,True,False,78,82.832,5,88
1866,1866,2,42,True,True,False,41,55.262,2,47
1867,1867,2,42,False,False,True,153,95.875,12,520
1868,1868,2,42,True,True,False,43,57.291,2,47
1869,1869,2,42,True,True,False,86,93.65,5,103
1870,1870,2,42,False,False,True,130,12.35,40,520
1871,1871,2,42,True,True,False,42,47.389,4,115
1872,1872,2,42,True,True,False,50,61.159,3,63
1873,1873,2,42,True,True,False,14,32.871,0,14
1874,1874,2,42,True,True,False,13,32.488,0,16
1875,1875,2,42,True,True,False,7,26.812,0,7
1876,1876,2,42,True,True,False,26,36.608,1,36
1877,1877,2,42,True,True,False,61,70.98,4,75
1878,1878,2,42,True,True,False,44,50.661,2,70
1879,1879,2,42,True,True,False,192,33.53,73,472
1880,1880,2,42,True,True,False,9,28.61,0,9
1881,1881,2,42,True,True,False,20,23.585,3,43
1882,1882,2,42,True,True,False,18,36.507,0,23
1883,1883,2,42,True,True,False,58,68.414,3,67
1884,1884,2,42,True,True,False,238,212.321,15,370
1885,1885,2,42,True,True,False,29,45.249,1,32
1886,1886,2,42,True,True,False,8,26.2,0,13
1887,1887,2,42,True,True,False,119,121.227,5,144
1888,1888,2,42,True,True,False,30,42.866,2,39
1889,1889,2,42,True,True,False,26,40.634,1,33
1890,1890,2,42,True,True,False,77,80.384,4,105
1891,1891,2,42,True,True,False,19,25.034,3,29
1892,1892,2,42,True,True,False,70,81.12,3,79
1893,1893,2,42,True,True,False,9,27.308,0,14
1894,1894,2,42,True,True,False,26,37.797,2,37
1895,1895,2,42,True,False,True,153,-40.091,16,520
1896,1896,2,42,True,True,False,183,167.765,11,270
1897,1897,2,42,True,True,False,7,26.774,0,7
1898,1898,2,42,True,True,False,45,56.58,3,53
1899,1899,2,42,True,True,False,160,1.518,24,484
1900,1900,2,42,False,False,True,194,116.575,18,520
1901,1901,2,42,True,True,False,203,159.357,18,378
1902,1902,2,42,True,True,False,15,34.782,0,15
1903,1903,2,42,True,True,False,200,162.77,20,289
1904,1904,2,42,True,True,False,63,66.473,5,93
1905,1905,2,42,True,True,False,66,79.032,3,74
1906,1906,2,42,True,True,False,10,29.815,0,12
1907,1907,2,42,True,True,False,64,72.758,4,82
1908,1908,2,42,True,True,False,78,85.223,4,92
1909,1909,2,42,True,True,False,135,96.171,18,277
1910,1910,2,42,True,True,False,223,159.326,20,517
1911,1911,2,42,True,True,False,150,73.133,36,408
1912,1912,2,42,True,True,False,72,80.921,4,81
1913,1913,2,42,True,True,False,15,33.411,0,20
1914,1914,2,42,True,True,False,15,33.967,0,15
1915,1915,2,42,True,True,False,189,107.664,34,418
1916,1916,2,42,True,True,False,113,96.091,12,183
1917,1917,2,42,True,True,False,82,86.361,3,107
1918,1918,2,42,True,True,False,8,26.53,0,13
1919,1919,2,42,True,True,False,58,69.979,2,70
1920,1920,2,42,False,False,True,235,146.325,27,520
1921,1921,2,42,True,True,False,141,120.382,10,252
1922,1922,2,42,True,True,False,8,27.782,0,8
1923,1923,2,42,False,False,True,225,132.6,28,520
1924,1924,2,42,True,True,False,85,61.892,8,142
1925,1925,2,42,True,True,False,11,30.791,0,11
1926,1926,2,42,True,True,False,102,101.978,7,133
1927,1927,2,42,True,True,False,27,36.206,3,41
1928,1928,2,42,True,True,False,103,105.947,6,120
1929,1929,2,42,True,False,True,218,67.19,20,520
1930,1930,2,42,False,False,True,226,150.6,19,520
1931,1931,2,42,False,False,True,158,17.525,50,520
1932,1932,2,42,True,True,False,73,78.992,3,86
1933,1933,2,42,True,True,False,72,78.959,4,86
1934,1934,2,42,True,True,False,36,48.902,2,40
1935,1935,2,42,True,True,False,164,127.512,18,336
1936,1936,2,42,True,True,False,100,101.306,7,118
1937,1937,2,42,True,True,False,14,33.029,0,14
1938,1938,2,42,True,True,False,143,137.941,6,190
1939,1939,2,42,True,True,False,12,31.739,0,12
1940,1940,2,42,True,True,False,12,31.486,0,12
1941,1941,2,42,True,True,False,31,47.037,1,38
1942,1942,2,42,True,True,False,13,31.152,0,18
1943,1943,2,42,False,False,True,210,92.075,35,520
1944,1944,2,42,True,True,False,26,40.859,1,35
1945,1945,2,42,False,False,True,182,80.75,22,520
1946,1946,2,42,True,True,False,104,112.233,4,119
1947,1947,2,42,False,False,True,234,139.55,27,520
1948,1948,2,42,False,False,True,145,-8.95,47,520
1949,1949,2,42,True,True,False,174,50.61,61,340
1950,1950,2,42,True,True,False,12,31.121,0,15
1951,1951,2,42,True,True,False,72,78.194,5,87
1952,1952,2,42,True,True,False,214,163.104,20,419
1953,1953,2,42,True,True,False,44,57.869,2,48
1954,1954,2,42,True,True,False,72,83.444,3,77
1955,1955,2,42,True,True,False,22,38.209,1,27
1956,1956,2,42,True,True,False,91,95.069,5,103
1957,1957,2,42,True,True,False,32,7.26,3,100
1958,1958,2,42,True,True,False,99,100.572,7,119
1959,1959,2,42,False,False,True,215,129.925,24,520
1960,1960,2,42,True,True,False,46,45.618,4,71
1961,1961,2,42,True,True,False,213,197.843,8,398
1962,1962,2,42,True,True,False,88,98.329,3,96
1963,1963,2,42,True,True,False,13,32.175,0,13
1964,1964,2,42,True,True,False,36,49.835,2,42
1965,1965,2,42,True,True,False,40,51.137,3,50
1966,1966,2,42,True,True,False,66,73.955,4,77
1967,1967,2,42,True,True,False,14,31.455,0,21
1968,1968,2,42,True,True,False,63,75.267,2,80
1969,1969,2,42,True,True,False,19,32.754,1,23
1970,1970,2,42,True,True,False,141,86.464,23,344
1971,1971,2,42,True,True,False,88,97.777,3,100
1972,1972,2,42,True,True,False,91,29.631,21,254
1973,1973,2,42,True,True,False,19,35.044,1,21
1974,1974,2,42,True,True,False,96,101.519,5,116
1975,1975,2,42,True,True,False,48,62.126,2,52
1976,1976,2,42,True,True,False,15,34.798,0,15
1977,1977,2,42,True,True,False,74,80.235,3,103
1978,1978,2,42,True,True,False,26,40.852,1,28
1979,1979,2,42,True,True,False,22,31.984,2,31
1980,1980,2,42,True,True,False,76,85.962,4,84
1981,1981,2,42,True,True,False,225,206.813,11,350
1982,1982,2,42,True,True,False,39,54.517,2,48
1983,1983,2,42,True,True,False,15,34.818,0,15
1984,1984,2,42,True,True,False,64,75.23,3,73
1985,1985,2,42,True,True,False,124,104.847,13,194
1986,1986,2,42,True,True,False,47,61.152,2,50
1987,1987,2,42,True,True,False,73,83.669,4,83
1988,1988,2,42,True,True,False,35,47.985,2,45
1989,1989,2,42,True,True,False,40,51.068,3,45
1990,1990,2,42,True,True,False,30,40.827,1,38
1991,1991,2,42,False,False,True,176,56.85,38,520
1992,1992,2,42,True,True,False,12,29.941,0,17
1993,1993,2,42,True,True,False,83,89.735,3,93
1994,1994,2,42,True,True,False,29,42.764,2,37
1995,1995,2,42,True,True,False,46,60.598,2,49
1996,1996,2,42,True,True,False,15,33.396,0,20
1997,1997,2,42,True,True,False,112,106.015,8,144
1998,1998,2,42,True,True,False,11,29.522,0,16
1999,1999,2,42,True,True,False,142,109.223,18,274
